time,state,rootY,chestY,tilt,rotationStep,speed,acceleration,maxAnchorError,drive,relativeSpeed,relativeAngularSpeed,cameraY,cameraSpeed,cameraAcceleration
-0.33255,Balanced,0.01443,0.90397,0.00000,0.00000,0.00002,0.00000,0.00081,1.00000,0.00158,0.00310,2.14659,0.00000,0.00000
-0.31255,Balanced,0.01443,0.90397,0.00000,0.00000,0.00002,0.00030,0.00081,1.00000,0.00159,0.00310,2.14659,0.00000,0.00000
-0.29255,Balanced,0.01443,0.90397,0.00000,0.00000,0.00002,0.00038,0.00081,1.00000,0.00159,0.00308,2.14659,0.00000,0.00000
-0.27255,Balanced,0.01443,0.90397,0.00000,0.00000,0.00002,0.00038,0.00081,1.00000,0.00159,0.00310,2.14659,0.00000,0.00000
-0.25255,Balanced,0.01443,0.90397,0.00000,0.00000,0.00002,0.00030,0.00081,1.00000,0.00158,0.00310,2.14659,0.00000,0.00000
-0.23255,Balanced,0.01443,0.90397,0.00000,0.00000,0.00002,0.00038,0.00081,1.00000,0.00159,0.00308,2.14659,0.00000,0.00000
-0.21255,Balanced,0.01443,0.90397,0.00000,0.00000,0.00002,0.00038,0.00081,1.00000,0.00158,0.00310,2.14659,0.00000,0.00000
-0.19255,Balanced,0.01443,0.90397,0.00000,0.00000,0.00002,0.00030,0.00081,1.00000,0.00159,0.00310,2.14659,0.00000,0.00000
-0.17255,Balanced,0.01443,0.90397,0.00000,0.00000,0.00002,0.00038,0.00081,1.00000,0.00159,0.00308,2.14659,0.00000,0.00000
-0.15255,Balanced,0.01443,0.90397,0.00000,0.00000,0.00002,0.00038,0.00081,1.00000,0.00159,0.00310,2.14659,0.00000,0.00000
-0.13255,Balanced,0.01443,0.90397,0.00000,0.00000,0.00002,0.00030,0.00081,1.00000,0.00158,0.00310,2.14659,0.00000,0.00000
-0.11255,Balanced,0.01443,0.90397,0.00000,0.00000,0.00002,0.00038,0.00081,1.00000,0.00159,0.00308,2.14659,0.00000,0.00000
-0.09255,Balanced,0.01443,0.90397,0.00000,0.00000,0.00002,0.00038,0.00081,1.00000,0.00158,0.00310,2.14659,0.00000,0.00000
-0.07255,Balanced,0.01443,0.90397,0.00000,0.00000,0.00002,0.00030,0.00081,1.00000,0.00159,0.00310,2.14659,0.00000,0.00000
-0.05255,Balanced,0.01443,0.90397,0.00000,0.00000,0.00002,0.00038,0.00081,1.00000,0.00159,0.00308,2.14659,0.00000,0.00000
-0.03255,Balanced,0.01443,0.90397,0.00000,0.00000,0.00002,0.00038,0.00081,1.00000,0.00159,0.00310,2.14659,0.00000,0.00000
-0.01255,Balanced,0.01443,0.90397,0.00000,0.00000,0.00002,0.00030,0.00081,1.00000,0.00158,0.00310,2.14659,0.00000,0.00000
0.00745,Balanced,0.01443,0.90397,0.00000,0.00000,0.00002,0.00038,0.00081,1.00000,0.00159,0.00308,2.14659,0.00000,0.00079
0.02745,Balanced,0.01443,0.90397,0.00000,0.00000,0.00002,0.00038,0.00081,1.00000,0.00158,0.00310,2.14659,0.00000,0.00000
0.04745,Balanced,0.01443,0.90397,0.00000,0.00000,0.00002,0.00030,0.00081,1.00000,0.00159,0.00310,2.14659,0.00000,0.00000
0.06745,Balanced,0.01443,0.90397,0.00000,0.00000,0.00002,0.00038,0.00081,1.00000,0.00159,0.00308,2.14659,0.00000,0.00000
0.08745,Balanced,0.01443,0.90397,0.00000,0.00000,0.00002,0.00038,0.00081,1.00000,0.00159,0.00310,2.14659,0.00000,0.00393
0.10745,Balanced,0.01443,0.90397,0.00000,0.00000,0.00002,0.00030,0.00081,1.00000,0.00158,0.00310,2.14659,0.00000,0.00000
0.12745,Balanced,0.01443,0.90397,0.00000,0.00000,0.00002,0.00038,0.00081,1.00000,0.00159,0.00308,2.14659,0.00000,0.00000
0.14745,Balanced,0.01443,0.90397,0.00000,0.00000,0.00002,0.00038,0.00081,1.00000,0.00158,0.00310,2.14659,0.00000,0.00000
0.16745,Balanced,0.01443,0.90397,0.00000,0.00000,0.00002,0.00030,0.00081,1.00000,0.00159,0.00310,2.14659,0.00000,0.00000
0.18745,Balanced,0.01443,0.90397,0.00000,0.00000,0.00002,0.00038,0.00081,1.00000,0.00159,0.00308,2.14659,0.00000,0.00000
0.20745,Balanced,0.01443,0.90397,0.00000,0.00000,0.00002,0.00038,0.00081,1.00000,0.00159,0.00310,2.14659,0.00000,0.00357
0.22745,Balanced,0.01443,0.90397,0.00000,0.00000,0.00002,0.00030,0.00081,1.00000,0.00158,0.00310,2.14659,0.00000,0.00000
0.24745,Balanced,0.01443,0.90397,0.00000,0.00000,0.00002,0.00038,0.00081,1.00000,0.00159,0.00308,2.14659,0.00000,0.00000
0.26745,Balanced,0.01443,0.90397,0.00000,0.00000,0.00002,0.00038,0.00081,1.00000,0.00158,0.00310,2.14659,0.00000,0.00000
0.28745,Balanced,0.01443,0.90397,0.00000,0.00000,0.00002,0.00030,0.00081,1.00000,0.00159,0.00310,2.14659,0.00000,0.00000
0.30745,Balanced,0.01443,0.90397,0.00000,0.00000,0.00002,0.00038,0.00081,1.00000,0.00159,0.00308,2.14659,0.00000,0.00000
0.32745,Balanced,0.01443,0.90397,0.00000,0.00000,0.00002,0.00038,0.00081,1.00000,0.00159,0.00310,2.14659,0.00000,0.00000
0.34745,Balanced,0.01443,0.90397,0.00000,0.00000,0.00002,0.00030,0.00081,1.00000,0.00158,0.00310,2.14659,0.00000,0.00000
0.36745,Balanced,0.01443,0.90397,0.00000,0.00000,0.00002,0.00038,0.00081,1.00000,0.00159,0.00308,2.14659,0.00000,0.00000
0.38745,Balanced,0.01443,0.90397,0.00000,0.00000,0.00002,0.00030,0.00081,1.00000,0.00159,0.00308,2.14659,0.00000,0.00000
0.40745,Balanced,0.01443,0.90397,0.00000,0.00000,0.00002,0.00030,0.00081,1.00000,0.00159,0.00308,2.14659,0.00000,0.00000
0.42745,Balanced,0.01443,0.90397,0.00000,0.00000,0.00002,0.00030,0.00081,1.00000,0.00159,0.00308,2.14659,0.00000,0.00502
0.44745,Balanced,0.01443,0.90397,0.00000,0.00000,0.00002,0.00030,0.00081,1.00000,0.00159,0.00308,2.14659,0.00000,0.00000
0.46745,Balanced,0.01443,0.90397,0.00000,0.00000,0.00002,0.00030,0.00081,1.00000,0.00159,0.00308,2.14659,0.00000,0.00000
0.48745,Balanced,0.01443,0.90397,0.00000,0.00000,0.00002,0.00030,0.00081,1.00000,0.00159,0.00308,2.14659,0.00000,0.00000
0.50745,Balanced,0.01443,0.90397,0.00000,0.00000,0.00002,0.00030,0.00081,1.00000,0.00159,0.00308,2.14659,0.00000,0.00000
0.52745,Balanced,0.01443,0.90397,0.00000,0.00000,0.00002,0.00030,0.00081,1.00000,0.00159,0.00308,2.14659,0.00000,0.00000
0.54745,Balanced,0.01443,0.90397,0.00000,0.00000,0.00002,0.00030,0.00081,1.00000,0.00159,0.00308,2.14659,0.00000,0.00000
0.56745,Balanced,0.01443,0.90397,0.00000,0.00000,0.00002,0.00030,0.00081,1.00000,0.00159,0.00309,2.14659,0.00000,0.00000
0.58745,Balanced,0.01443,0.90397,0.00000,0.00000,0.00002,0.00030,0.00081,1.00000,0.00159,0.00308,2.14659,0.00000,0.00000
0.60745,Balanced,0.01443,0.90397,0.00000,0.00000,0.00002,0.00030,0.00081,1.00000,0.00159,0.00309,2.14659,0.00000,0.00000
0.62745,Balanced,0.01443,0.90397,0.00000,0.00000,0.00002,0.00030,0.00081,1.00000,0.00159,0.00308,2.14659,0.00000,0.00000
0.64745,Balanced,0.01443,0.90397,0.00000,0.00000,0.00002,0.00030,0.00081,1.00000,0.00159,0.00309,2.14659,0.00000,0.00000
0.66745,Balanced,0.01443,0.90397,0.00000,0.00000,0.00002,0.00030,0.00081,1.00000,0.00159,0.00309,2.14659,0.00000,0.00000
0.68745,Balanced,0.01443,0.90397,0.00000,0.00000,0.00002,0.00030,0.00081,1.00000,0.00159,0.00309,2.14659,0.00000,0.00000
0.70745,Balanced,0.01443,0.90397,0.00000,0.00000,0.00002,0.00030,0.00081,1.00000,0.00159,0.00309,2.14659,0.00000,0.00000
0.72745,Balanced,0.01443,0.90397,0.00000,0.00000,0.00002,0.00030,0.00081,1.00000,0.00159,0.00309,2.14659,0.00000,0.00000
0.74745,Balanced,0.01443,0.90397,0.00000,0.00000,0.00002,0.00030,0.00081,1.00000,0.00159,0.00309,2.14659,0.00000,0.00000
0.76745,Balanced,0.01443,0.90397,0.00000,0.00000,0.00002,0.00030,0.00081,1.00000,0.00159,0.00309,2.14659,0.00000,0.00000
0.78745,Balanced,0.01443,0.90397,0.00000,0.00000,0.00002,0.00030,0.00081,1.00000,0.00159,0.00309,2.14659,0.00000,0.00000
0.80745,Balanced,0.01443,0.90397,0.00000,0.00000,0.00002,0.00030,0.00081,1.00000,0.00159,0.00309,2.14659,0.00000,0.00000
0.82745,Balanced,0.01443,0.90397,0.00000,0.00000,0.00002,0.00030,0.00081,1.00000,0.00159,0.00309,2.14659,0.00000,0.00396
0.84745,Balanced,0.01443,0.90397,0.00000,0.00000,0.00002,0.00030,0.00081,1.00000,0.00159,0.00309,2.14659,0.00000,0.00000
0.86745,Balanced,0.01443,0.90397,0.00000,0.00000,0.00002,0.00030,0.00081,1.00000,0.00159,0.00309,2.14659,0.00000,0.00000
0.88745,Balanced,0.01443,0.90397,0.00000,0.00000,0.00002,0.00030,0.00081,1.00000,0.00159,0.00309,2.14659,0.00000,0.00000
0.90745,Balanced,0.01443,0.90397,0.00000,0.00000,0.00002,0.00030,0.00081,1.00000,0.00159,0.00309,2.14659,0.00000,0.00000
0.92745,Balanced,0.01443,0.90397,0.00000,0.00000,0.00002,0.00030,0.00081,1.00000,0.00159,0.00309,2.14659,0.00000,0.00000
0.94745,Balanced,0.01443,0.90397,0.00000,0.00000,0.00002,0.00030,0.00081,1.00000,0.00159,0.00309,2.14659,0.00000,0.00000
0.96745,Balanced,0.01443,0.90397,0.00000,0.00000,0.00002,0.00030,0.00081,1.00000,0.00159,0.00309,2.14659,0.00000,0.00000
0.98745,Balanced,0.01443,0.90397,0.00000,0.00000,0.00002,0.00030,0.00081,1.00000,0.00159,0.00309,2.14659,0.00000,0.00000
1.00745,Balanced,0.01443,0.90397,0.00000,0.00000,0.00002,0.00030,0.00081,1.00000,0.00159,0.00309,2.14659,0.00000,0.00000
1.02745,Balanced,0.01443,0.90397,0.00000,0.00000,0.00002,0.00030,0.00081,1.00000,0.00159,0.00309,2.14659,0.00000,0.00000
1.04745,Balanced,0.01443,0.90397,0.00000,0.00000,0.00002,0.00030,0.00081,1.00000,0.00159,0.00309,2.14659,0.00000,0.00000
1.06745,Balanced,0.01443,0.90397,0.00000,0.00000,0.00002,0.00030,0.00081,1.00000,0.00159,0.00309,2.14659,0.00000,0.00000
1.08745,Balanced,0.01443,0.90397,0.00000,0.00000,0.00002,0.00030,0.00081,1.00000,0.00159,0.00309,2.14659,0.00000,0.00000
1.10745,Balanced,0.01443,0.90397,0.00000,0.00000,0.00002,0.00030,0.00081,1.00000,0.00159,0.00309,2.14659,0.00000,0.00000
1.12745,Balanced,0.01443,0.90397,0.00000,0.00000,0.00002,0.00030,0.00081,1.00000,0.00159,0.00309,2.14659,0.00000,0.00000
1.14745,Balanced,0.01443,0.90397,0.00000,0.00000,0.00002,0.00030,0.00081,1.00000,0.00159,0.00309,2.14659,0.00000,0.00000
1.16745,Balanced,0.01443,0.90397,0.00000,0.00000,0.00002,0.00030,0.00081,1.00000,0.00159,0.00309,2.14659,0.00000,0.00000
1.18745,Balanced,0.01443,0.90397,0.00000,0.00000,0.00002,0.00030,0.00081,1.00000,0.00159,0.00309,2.14659,0.00000,0.00000
1.20745,Balanced,0.01443,0.90397,0.00000,0.00000,0.00002,0.00030,0.00081,1.00000,0.00159,0.00309,2.14659,0.00000,0.00000
1.22745,Balanced,0.01443,0.90397,0.00000,0.00000,0.00002,0.00030,0.00081,1.00000,0.00159,0.00309,2.14659,0.00000,0.00000
1.24745,Balanced,0.01443,0.90397,0.00000,0.00000,0.00002,0.00030,0.00081,1.00000,0.00159,0.00309,2.14659,0.00000,0.00000
1.26745,Balanced,0.01443,0.90397,0.00000,0.00000,0.00002,0.00030,0.00081,1.00000,0.00159,0.00309,2.14659,0.00000,0.00000
1.28745,Balanced,0.01443,0.90397,0.00000,0.00000,0.00002,0.00030,0.00081,1.00000,0.00159,0.00309,2.14659,0.00000,0.00000
1.30745,Balanced,0.01443,0.90397,0.00000,0.00000,0.00002,0.00030,0.00081,1.00000,0.00159,0.00309,2.14659,0.00000,0.00000
1.32745,Balanced,0.01443,0.90397,0.00000,0.00000,0.00002,0.00030,0.00081,1.00000,0.00159,0.00309,2.14659,0.00000,0.00000
1.34745,Balanced,0.01443,0.90397,0.00000,0.00000,0.00002,0.00030,0.00081,1.00000,0.00159,0.00309,2.14659,0.00000,0.00000
1.36745,Balanced,0.01443,0.90397,0.00000,0.00000,0.00002,0.00030,0.00081,1.00000,0.00159,0.00309,2.14659,0.00000,0.00000
1.38745,Balanced,0.01443,0.90397,0.00000,0.00000,0.00002,0.00030,0.00081,1.00000,0.00159,0.00309,2.14659,0.00000,0.00000
1.40745,Balanced,0.01443,0.90397,0.00000,0.00000,0.00002,0.00030,0.00081,1.00000,0.00159,0.00309,2.14659,0.00000,0.00000
1.42745,Balanced,0.01443,0.90397,0.00000,0.00000,0.00002,0.00030,0.00081,1.00000,0.00159,0.00309,2.14659,0.00000,0.00000
1.44745,Balanced,0.01443,0.90397,0.00000,0.00000,0.00002,0.00030,0.00081,1.00000,0.00159,0.00309,2.14659,0.00000,0.00000
1.46745,Balanced,0.01443,0.90397,0.00000,0.00000,0.00002,0.00030,0.00081,1.00000,0.00159,0.00309,2.14659,0.00000,0.00000
1.48745,Balanced,0.01443,0.90397,0.00000,0.00000,0.00002,0.00030,0.00081,1.00000,0.00159,0.00309,2.14659,0.00000,0.00000
1.50745,Balanced,0.01443,0.90397,0.00000,0.00000,0.00002,0.00030,0.00081,1.00000,0.00159,0.00309,2.14659,0.00000,0.00452
1.52745,Balanced,0.01443,0.90397,0.00000,0.00000,0.00002,0.00030,0.00081,1.00000,0.00159,0.00309,2.14659,0.00000,0.00000
1.54745,Balanced,0.01443,0.90397,0.00000,0.00000,0.00002,0.00030,0.00081,1.00000,0.00159,0.00309,2.14659,0.00000,0.00000
1.56745,Balanced,0.01443,0.90397,0.00000,0.00000,0.00002,0.00030,0.00081,1.00000,0.00159,0.00309,2.14659,0.00000,0.00000
1.58745,Balanced,0.01443,0.90397,0.00000,0.00000,0.00002,0.00030,0.00081,1.00000,0.00159,0.00309,2.14659,0.00000,0.00000
1.60745,Balanced,0.01443,0.90397,0.00000,0.00000,0.00002,0.00030,0.00081,1.00000,0.00159,0.00309,2.14659,0.00000,0.00000
1.62745,Balanced,0.01443,0.90397,0.00000,0.00000,0.00002,0.00030,0.00081,1.00000,0.00159,0.00309,2.14659,0.00000,0.00000
1.64745,Balanced,0.01443,0.90397,0.00000,0.00000,0.00002,0.00030,0.00081,1.00000,0.00159,0.00309,2.14659,0.00000,0.00000
1.66745,Balanced,0.01443,0.90397,0.00000,0.00000,0.00002,0.00030,0.00081,1.00000,0.00159,0.00309,2.14659,0.00000,0.00000
1.68745,Balanced,0.01443,0.90397,0.00000,0.00000,0.00002,0.00030,0.00081,1.00000,0.00159,0.00309,2.14659,0.00000,0.00559
1.70745,Balanced,0.01443,0.90397,0.00000,0.00000,0.00002,0.00030,0.00081,1.00000,0.00159,0.00309,2.14659,0.00000,0.00000
1.72745,Balanced,0.01443,0.90397,0.00000,0.00000,0.00002,0.00030,0.00081,1.00000,0.00159,0.00309,2.14659,0.00000,0.00000
1.74745,Balanced,0.01443,0.90397,0.00000,0.00000,0.00002,0.00030,0.00081,1.00000,0.00159,0.00309,2.14659,0.00000,0.00000
1.76745,Balanced,0.01443,0.90397,0.00000,0.00000,0.00002,0.00030,0.00081,1.00000,0.00159,0.00309,2.14659,0.00000,0.00000
1.78745,Balanced,0.01443,0.90397,0.00000,0.00000,0.00002,0.00030,0.00081,1.00000,0.00159,0.00309,2.14659,0.00000,0.00000
1.80745,Balanced,0.01443,0.90397,0.00000,0.00000,0.00002,0.00030,0.00081,1.00000,0.00159,0.00309,2.14659,0.00000,0.00000
1.82745,Balanced,0.01443,0.90397,0.00000,0.00000,0.00002,0.00030,0.00081,1.00000,0.00159,0.00309,2.14659,0.00000,0.00000
1.84745,Balanced,0.01443,0.90397,0.00000,0.00000,0.00002,0.00030,0.00081,1.00000,0.00159,0.00309,2.14659,0.00000,0.00000
1.86745,Balanced,0.01443,0.90397,0.00000,0.00000,0.00002,0.00030,0.00081,1.00000,0.00159,0.00309,2.14659,0.00000,0.00000
1.88745,Balanced,0.01443,0.90397,0.00000,0.00000,0.00002,0.00030,0.00081,1.00000,0.00159,0.00309,2.14659,0.00000,0.00000
1.90744,Balanced,0.01443,0.90397,0.00000,0.00000,0.00002,0.00030,0.00081,1.00000,0.00159,0.00309,2.14659,0.00000,0.00000
1.92745,Balanced,0.01443,0.90397,0.00000,0.00000,0.00002,0.00030,0.00081,1.00000,0.00159,0.00309,2.14659,0.00000,0.00000
1.94744,Balanced,0.01443,0.90397,0.00000,0.00000,0.00002,0.00030,0.00081,1.00000,0.00159,0.00309,2.14659,0.00000,0.00108
1.96745,Balanced,0.01443,0.90397,0.00000,0.00000,0.00002,0.00030,0.00081,1.00000,0.00159,0.00309,2.14659,0.00000,0.00000
1.98744,Balanced,0.01443,0.90397,0.00000,0.00000,0.00002,0.00030,0.00081,1.00000,0.00159,0.00309,2.14659,0.00000,0.00000
2.00745,Fallen,0.01443,0.90397,0.00000,0.00000,0.00002,0.00030,0.00081,0.03000,0.00159,0.00309,2.14659,0.00000,0.00000
2.02745,Fallen,0.01447,0.90499,0.50783,0.50668,0.14388,7.19320,0.00074,0.03000,0.08437,0.53927,2.14661,0.00000,13.70036
2.04745,Fallen,0.01446,0.90530,0.74939,0.24066,0.20819,3.21794,0.00091,0.03000,0.06637,0.40884,2.14657,0.00000,1.21226
2.06745,Fallen,0.01446,0.90545,0.98357,0.23070,0.20512,0.15375,0.00058,0.03000,0.04549,0.34060,2.14655,0.00000,1.69820
2.08745,Fallen,0.01447,0.90573,1.21611,0.22728,0.20349,0.08730,0.00059,0.03000,0.04126,0.29088,2.14658,0.00000,2.02025
2.10745,Fallen,0.01448,0.90602,1.44767,0.23070,0.20241,0.06507,0.00059,0.03000,0.03613,0.26102,2.14667,0.00000,2.48279
2.12745,Fallen,0.01449,0.90630,1.67853,0.23070,0.20196,0.04162,0.00058,0.03000,0.03187,0.23789,2.14681,0.00000,3.06715
2.14745,Fallen,0.01451,0.90654,1.90978,0.23070,0.20211,0.03673,0.00080,0.03000,0.02825,0.22012,2.14703,0.00000,3.82100
2.16745,Fallen,0.01452,0.90679,2.14183,0.23407,0.20288,0.05257,0.00082,0.03000,0.02669,0.20562,2.14727,0.00000,4.61501
2.18745,Fallen,0.01454,0.90704,2.37553,0.23070,0.20429,0.08033,0.00073,0.03000,0.02553,0.19350,2.14753,0.00000,5.42187
2.20745,Fallen,0.01456,0.90728,2.61165,0.22728,0.20632,0.10803,0.00068,0.03000,0.02399,0.18398,2.14787,0.00000,6.35924
2.22745,Fallen,0.01459,0.90750,2.85081,0.23407,0.20896,0.13746,0.00066,0.03000,0.02294,0.17675,2.14818,0.00000,7.20259
2.24745,Fallen,0.01461,0.90771,3.09364,0.23739,0.21221,0.16676,0.00064,0.03000,0.02239,0.17137,2.14847,0.00000,7.95754
2.26745,Fallen,0.01464,0.90791,3.34100,0.24389,0.21606,0.19708,0.00064,0.03000,0.02217,0.16758,2.14879,0.00000,8.74189
2.28745,Fallen,0.01467,0.90809,3.59352,0.25023,0.22054,0.22765,0.00063,0.03000,0.02218,0.16515,2.14908,0.00000,9.45505
2.30745,Fallen,0.01470,0.90827,3.84955,0.24708,0.22355,0.15660,0.00063,0.03000,0.02530,0.08226,2.14935,0.00000,10.17818
2.32745,Fallen,0.01474,0.90843,4.10980,0.25023,0.22733,0.19441,0.00063,0.03000,0.03557,0.00396,2.14958,0.00000,11.05412
2.34745,Fallen,0.01478,0.90858,4.37654,0.26244,0.23295,0.28443,0.00063,0.03000,0.03736,0.01165,2.14977,0.00000,12.09198
2.36745,Fallen,0.01482,0.90871,4.65084,0.26834,0.23953,0.33268,0.00063,0.03000,0.03827,0.00756,2.14990,0.00000,13.31432
2.38745,Fallen,0.01487,0.90883,4.93360,0.27695,0.24683,0.36828,0.00063,0.03000,0.03931,0.00462,2.14996,0.00000,14.39227
2.40744,Fallen,0.01493,0.90894,5.22555,0.28531,0.25480,0.40224,0.00063,0.03000,0.04053,0.00342,2.14994,0.00000,15.44166
2.42745,Fallen,0.01498,0.90902,5.52740,0.29608,0.26345,0.43653,0.00063,0.03000,0.04185,0.00256,2.14987,0.00000,16.36227
2.44744,Fallen,0.01505,0.90909,5.84006,0.30647,0.27279,0.47098,0.00064,0.03000,0.04331,0.00257,2.14973,0.00000,17.29989
2.46745,Fallen,0.01511,0.90913,6.16424,0.31898,0.28283,0.50662,0.00064,0.03000,0.04491,0.00270,2.14950,0.00000,18.24613
2.48744,Fallen,0.01519,0.90915,6.50086,0.33572,0.29361,0.54376,0.00064,0.03000,0.04659,0.00287,2.14925,0.00000,18.99875
2.50745,Fallen,0.01527,0.90914,6.85074,0.34943,0.30515,0.58195,0.00064,0.03000,0.04841,0.00284,2.14889,0.00000,19.88405
2.52744,Fallen,0.01536,0.90910,7.21480,0.36045,0.31747,0.62161,0.00064,0.03000,0.05034,0.00287,2.14852,0.00000,20.62186
2.54745,Fallen,0.01546,0.90903,7.59396,0.37534,0.33060,0.66271,0.00064,0.03000,0.05242,0.00322,2.14804,0.00000,21.46369
2.56744,Fallen,0.01557,0.90891,7.98923,0.38967,0.34457,0.70575,0.00065,0.03000,0.05462,0.00344,2.14747,0.00000,22.34395
2.58745,Fallen,0.01569,0.90875,8.40160,0.40734,0.35943,0.75039,0.00065,0.03000,0.05696,0.00369,2.14686,0.00000,23.18818
2.60744,Fallen,0.01582,0.90854,8.83213,0.42612,0.37520,0.79726,0.00065,0.03000,0.05943,0.00377,2.14613,0.00000,24.13168
2.62745,Fallen,0.01597,0.90827,9.28193,0.44762,0.39193,0.84577,0.00065,0.03000,0.06206,0.00405,2.14535,0.00000,25.08927
2.64744,Fallen,0.01613,0.90794,9.75216,0.46980,0.40964,0.89634,0.00065,0.03000,0.06486,0.00446,2.14443,0.00000,26.12246
2.66745,Fallen,0.01630,0.90754,10.24400,0.49099,0.42840,0.95017,0.00066,0.03000,0.06779,0.00448,2.14345,0.00000,27.17666
2.68744,Fallen,0.01649,0.90706,10.75872,0.51434,0.44824,1.00577,0.00066,0.03000,0.07091,0.00476,2.14238,0.00000,28.27403
2.70745,Fallen,0.01670,0.90648,11.29765,0.53814,0.46920,1.06388,0.00066,0.03000,0.07420,0.00507,2.14106,0.00000,29.52912
2.72744,Fallen,0.01693,0.90581,11.86214,0.56371,0.49135,1.12523,0.00067,0.03000,0.07766,0.00527,2.13969,0.00000,30.78396
2.74745,Fallen,0.01718,0.90502,12.45365,0.58817,0.51474,1.18941,0.00067,0.03000,0.08133,0.00552,2.13810,0.00000,32.21865
2.76744,Fallen,0.01746,0.90411,13.07365,0.61675,0.53940,1.25661,0.00068,0.03000,0.08522,0.00595,2.13641,0.00000,33.63358
2.78745,Fallen,0.01777,0.90304,13.72356,0.64891,0.56523,1.31765,0.00069,0.03000,0.08899,0.00585,2.13447,0.00000,35.15731
2.80744,Fallen,0.01811,0.90182,14.40472,0.68070,0.59224,1.38126,0.00073,0.03000,0.09293,0.01034,2.13239,0.00000,36.71754
2.82745,Fallen,0.01848,0.90044,15.11884,0.71217,0.62075,1.46074,0.00076,0.03000,0.09805,0.01183,2.13014,0.00000,38.32703
2.84745,Fallen,0.01888,0.89885,15.86809,0.74651,0.65107,1.55579,0.00079,0.03000,0.10293,0.01478,2.12752,0.00000,40.16783
2.86745,Fallen,0.01933,0.89705,16.65454,0.78534,0.68311,1.64806,0.00082,0.03000,0.10780,0.01115,2.12448,0.00000,42.16922
2.88745,Fallen,0.01982,0.89500,17.48014,0.82424,0.71683,1.73814,0.00085,0.03000,0.11295,0.00884,2.12142,0.00000,44.11871
2.90744,Fallen,0.02036,0.89267,18.34692,0.86501,0.75225,1.83152,0.00088,0.03000,0.11848,0.00871,2.11811,0.00000,46.08704
2.92745,Fallen,0.02096,0.89004,19.25703,0.90999,0.78949,1.93218,0.00091,0.03000,0.12434,0.00919,2.11399,0.00000,48.41626
2.94744,Fallen,0.02161,0.88708,20.21272,0.95531,0.82863,2.03792,0.00095,0.03000,0.13052,0.00986,2.10956,0.00000,50.85005
2.96745,Fallen,0.02233,0.88374,21.21640,1.00404,0.86978,2.15089,0.00098,0.03000,0.13702,0.01032,2.10481,0.00000,53.34842
2.98744,Fallen,0.02313,0.87998,22.27062,1.05498,0.91303,2.26966,0.00101,0.03000,0.14385,0.01074,2.09931,0.00000,56.02367
3.00745,Fallen,0.02400,0.87577,23.37797,1.10640,0.95845,2.39544,0.00104,0.03000,0.15105,0.01112,2.09383,0.00000,58.52582
3.02744,Fallen,0.02496,0.87104,24.54118,1.16162,1.00615,2.52920,0.00107,0.03000,0.15865,0.01151,2.08696,0.00000,61.54899
3.04745,Fallen,0.02601,0.86575,25.76316,1.22204,1.05622,2.67033,0.00111,0.03000,0.16665,0.01176,2.07988,0.00000,64.52097
3.06744,Fallen,0.02717,0.85983,27.04693,1.28388,1.10877,2.82027,0.00180,0.03000,0.17510,0.01202,2.07250,0.00000,67.54082
3.08745,Fallen,0.02845,0.85323,28.39561,1.34753,1.16389,2.97587,0.00136,0.03000,0.18391,0.01249,2.06278,0.00000,71.22977
3.10744,Fallen,0.02986,0.84587,29.81255,1.41552,1.22180,3.14940,0.00143,0.03000,0.19338,0.01251,2.05304,0.00000,74.77710
3.12745,Fallen,0.03141,0.83767,31.30143,1.48777,1.28269,3.34186,0.00290,0.03000,0.20346,0.01258,2.04337,0.00000,78.12239
3.14744,Fallen,0.03311,0.82854,32.86599,1.56369,1.34654,3.53946,0.00395,0.03000,0.21400,0.01281,2.03114,0.00000,82.12102
3.16745,Fallen,0.03497,0.81839,34.51007,1.64278,1.41335,3.74205,0.00439,0.03000,0.22510,0.01321,2.01730,0.00000,86.48563
3.18744,Fallen,0.03701,0.80712,36.23748,1.72642,1.48303,3.94989,0.00431,0.03000,0.23676,0.01369,2.00454,0.00000,90.42725
3.20745,Fallen,0.03925,0.79462,38.05212,1.81353,1.55552,4.16178,0.00390,0.03000,0.24897,0.01439,1.98804,0.00000,95.01569
3.22744,Fallen,0.04170,0.78078,39.95785,1.90448,1.63078,4.38244,0.00336,0.03000,0.26174,0.01461,1.96993,0.00000,99.99447
3.24745,Fallen,0.04438,0.76549,41.95877,2.00068,1.70894,4.61814,0.00396,0.03000,0.27518,0.01455,1.95265,0.00000,104.42100
3.26744,Fallen,0.04732,0.74862,44.05963,2.10106,1.79044,4.89382,0.00444,0.03000,0.28945,0.01412,1.92922,0.00000,110.12400
3.28745,Fallen,0.05054,0.73003,46.26549,2.20574,1.87553,5.20998,0.00455,0.03000,0.30456,0.01416,1.90570,0.00000,115.65540
3.30744,Fallen,0.05405,0.70955,48.58150,2.31550,1.96417,5.53686,0.00437,0.03000,0.32035,0.01439,1.88241,0.00000,120.86030
3.32745,Fallen,0.05787,0.68704,51.01320,2.43126,2.05624,5.87465,0.00383,0.03000,0.33692,0.01493,1.85450,0.00000,126.67890
3.34744,Fallen,0.06202,0.66233,53.56629,2.55251,2.15162,6.23422,0.00335,0.03000,0.35436,0.01553,1.82463,0.00000,132.55420
3.36745,Fallen,0.06653,0.63525,56.24655,2.67967,2.25021,6.61748,0.00301,0.03000,0.37266,0.01611,1.79133,0.00000,138.96090
3.38744,Fallen,0.07141,0.60565,59.06009,2.81334,2.35196,7.03463,0.00246,0.03000,0.39191,0.01678,1.75138,0.00000,146.16870
3.40744,Fallen,0.07669,0.57333,62.01330,2.95289,2.45677,7.48831,0.00174,0.03000,0.41193,0.01800,1.71476,0.00000,152.60580
3.42744,Fallen,0.08237,0.53813,65.11278,3.09905,2.56457,7.97195,0.00121,0.03000,0.43259,0.01833,1.67045,0.00000,159.71640
3.44744,Fallen,0.08830,0.49985,68.34851,3.23572,2.67910,7.96678,0.00102,0.03000,0.44691,0.02538,1.62148,0.00000,167.31570
3.46744,Fallen,0.09472,0.45860,71.73196,3.38377,2.79441,7.88510,0.00091,0.03000,0.46687,0.02908,1.57119,0.00000,174.81630
3.48744,Fallen,0.10151,0.41445,75.25699,3.52517,2.91312,7.87806,0.00098,0.03000,0.48671,0.03061,1.51613,0.00000,182.66340
3.50744,Fallen,0.10866,0.36732,78.92730,3.67009,3.03248,7.77896,0.00106,0.03000,0.50682,0.03091,1.45905,0.00000,190.36730
3.52744,Fallen,0.11619,0.31720,82.74756,3.81976,3.15150,7.65883,0.00114,0.03000,0.52755,0.03146,1.39326,0.00000,199.04730
3.54744,Fallen,0.12406,0.26411,86.72446,3.97660,3.26887,7.50236,0.00124,0.03000,0.54924,0.03270,1.31646,0.00000,208.51920
3.56744,Fallen,0.13227,0.20810,90.86720,4.14263,3.38303,7.30193,0.00133,0.03000,0.57221,0.03418,1.24585,0.00000,216.71400
3.58744,Fallen,0.13044,0.20967,90.17759,0.68870,0.21042,178.49470,0.03536,0.03000,0.46450,0.43067,1.16977,0.00000,216.21200
3.60744,Fallen,0.13041,0.21631,90.03841,0.00000,0.05427,7.80756,0.00698,0.03000,0.45231,0.54252,1.09016,0.00000,194.84190
3.62745,Fallen,0.13038,0.21769,90.00757,0.00000,0.00977,2.22544,0.00688,0.03000,0.08405,0.07505,1.02631,0.00000,165.64090
3.64744,Fallen,0.13040,0.21697,90.00251,0.00000,0.00262,0.35807,0.00413,0.03000,0.02093,0.31771,0.97390,0.00000,138.12050
3.66745,Fallen,0.13042,0.21672,90.00186,0.00000,0.00039,0.11149,0.00338,0.03000,0.00150,0.11820,0.92947,0.00000,112.06190
3.68744,Fallen,0.13043,0.21666,90.00166,0.00000,0.00063,0.05079,0.00344,0.03000,0.00376,0.04545,0.89257,0.00000,88.68011
3.70745,Fallen,0.13042,0.21666,90.00156,0.00000,0.00083,0.01026,0.00345,0.03000,0.00519,0.02443,0.86403,0.00000,69.82684
3.72744,Fallen,0.13042,0.21666,90.00153,0.00000,0.00083,0.00049,0.00344,0.03000,0.00502,0.01668,0.84135,0.00000,54.30150
3.74745,Fallen,0.13042,0.21667,90.00151,0.00000,0.00081,0.00114,0.00343,0.03000,0.00459,0.01641,0.82457,0.00000,42.48428
3.76744,Fallen,0.13042,0.21667,90.00151,0.00000,0.00081,0.00097,0.00343,0.03000,0.00447,0.01478,0.81114,0.00000,32.77379
3.78745,Fallen,0.13042,0.21667,90.00150,0.00000,0.00080,0.00064,0.00343,0.03000,0.00457,0.01239,0.80123,0.00000,25.50886
3.80744,Fallen,0.13042,0.21667,90.00150,0.00000,0.00080,0.00013,0.00343,0.03000,0.00468,0.01113,0.79281,0.00000,19.22912
3.82745,Recovering,0.13042,0.21667,90.00150,0.00000,0.00080,0.00010,0.00343,0.03000,0.00466,0.01016,0.78682,0.00000,14.65731
3.84744,Recovering,0.13042,0.21667,90.00150,0.00000,0.00080,0.00015,0.00343,0.03000,0.00466,0.00953,0.78616,0.00000,14.18061
3.86745,Recovering,0.13033,0.21707,89.97150,0.00000,0.02142,1.11111,0.00341,0.03000,0.00317,0.01371,0.78616,0.00000,14.18061
3.88744,Recovering,0.13022,0.21806,89.91915,0.00000,0.03925,0.89134,0.00313,0.03000,0.00370,0.08558,0.77644,0.00000,6.03180
3.90744,Recovering,0.13015,0.21938,89.85526,0.00000,0.05150,0.61283,0.00273,0.03000,0.00667,0.12246,0.77462,0.00000,4.36753
3.92744,Recovering,0.13021,0.22093,89.78933,0.00000,0.05970,0.41037,0.00226,0.03000,0.00666,0.13257,0.77337,0.00000,3.07578
3.94744,Recovering,0.13045,0.22260,89.72814,0.00000,0.06453,0.24139,0.00177,0.03000,0.00660,0.13630,0.77252,0.00000,2.07981
3.96744,Recovering,0.13089,0.22430,89.67611,0.00000,0.06670,0.10857,0.00131,0.03000,0.00550,0.13078,0.77196,0.00000,1.22324
3.98744,Recovering,0.13151,0.22600,89.63450,0.00000,0.06673,0.00957,0.00087,0.03000,0.00466,0.12224,0.77170,0.00000,0.67200
4.00744,Recovering,0.13223,0.22764,89.60086,0.00000,0.06511,0.08218,0.00048,0.03001,0.00405,0.11363,0.77161,0.00000,0.30248
4.02744,Recovering,0.13293,0.22920,89.56885,0.00000,0.06227,0.14372,0.00013,0.03012,0.00419,0.09543,0.77167,0.00000,0.33868
4.04744,Recovering,0.13339,0.23042,89.52627,0.00000,0.05998,0.11626,0.00012,0.03047,0.01114,0.07765,0.77182,0.00000,0.51443
4.06744,Recovering,0.13335,0.23145,89.45732,0.00000,0.05787,0.11121,0.00010,0.03116,0.01359,0.09265,0.77205,0.00000,0.70563
4.08744,Recovering,0.13254,0.23238,89.34501,0.00000,0.05628,0.09040,0.00008,0.03230,0.01595,0.11702,0.77236,0.00000,0.88928
4.10744,Recovering,0.13064,0.23318,89.17095,0.17246,0.05552,0.06186,0.00005,0.03400,0.01955,0.14919,0.77236,0.00000,0.88928
4.12744,Recovering,0.12869,0.23427,88.97533,0.18975,0.07117,0.91687,0.00011,0.03633,0.02317,0.17997,0.77344,0.00000,1.30162
4.14744,Recovering,0.12806,0.23618,88.81176,0.00000,0.11119,2.12638,0.00025,0.03938,0.03070,0.21408,0.77403,0.00000,1.51651
4.16744,Recovering,0.12761,0.23866,88.62092,0.18975,0.14370,1.62765,0.00025,0.04320,0.04380,0.27808,0.77464,0.00000,1.64488
4.18744,Recovering,0.12712,0.24179,88.38702,0.23070,0.17966,1.79776,0.00030,0.04786,0.05575,0.35611,0.77484,0.00000,1.69978
4.20744,Recovering,0.12654,0.24564,88.09984,0.28531,0.22155,2.09475,0.00114,0.05342,0.07091,0.44869,0.77629,0.00000,2.25793
4.22744,Recovering,0.12584,0.25030,87.75191,0.34718,0.26870,2.35872,0.00154,0.05989,0.08741,0.54974,0.77712,0.00000,2.57582
4.24744,Recovering,0.12500,0.25587,87.33752,0.41307,0.32026,2.57911,0.00171,0.06733,0.10293,0.65322,0.77800,0.00000,3.01568
4.26744,Recovering,0.12402,0.26240,86.85104,0.48457,0.37625,2.80226,0.00191,0.07576,0.11933,0.75843,0.77900,0.00000,3.61974
4.28744,Recovering,0.12288,0.26996,86.28678,0.56232,0.43688,3.03623,0.00216,0.08518,0.13547,0.86540,0.78021,0.00000,4.39004
4.30744,Recovering,0.12158,0.27862,85.63938,0.64528,0.50189,3.25804,0.00244,0.09562,0.15091,0.97117,0.78144,0.00000,5.22238
4.32744,Recovering,0.12010,0.28843,84.90413,0.73382,0.57082,3.45888,0.00275,0.10708,0.16515,1.07310,0.78302,0.00000,6.31761
4.34744,Recovering,0.11848,0.30000,84.09868,0.80502,0.62499,2.73605,0.00310,0.11954,0.06426,0.52969,0.78355,0.00000,6.67250
4.36744,Recovering,0.11670,0.31188,83.21329,0.88470,0.69008,3.28289,0.00347,0.13301,0.09715,0.04481,0.78355,0.00000,6.67250
4.38744,Recovering,0.11477,0.32437,82.24065,0.97236,0.76050,3.56088,0.00383,0.14746,0.11235,0.11648,0.79735,0.00000,18.78614
4.40744,Recovering,0.11269,0.33780,81.19434,1.04679,0.81957,3.02458,0.00420,0.16288,0.12220,0.09951,0.80507,0.00000,23.67212
4.42744,Recovering,0.11049,0.35208,80.08787,1.10569,0.86832,2.54971,0.00459,0.17924,0.12895,0.06160,0.81559,0.00000,30.14558
4.44744,Recovering,0.10820,0.36702,78.93289,1.15486,0.90837,2.16627,0.00498,0.19650,0.13419,0.04039,0.82864,0.00000,36.84970
4.46744,Recovering,0.10585,0.38242,77.73878,1.19418,0.94149,1.88207,0.00535,0.21462,0.13862,0.03291,0.84467,0.00000,43.61038
4.48744,Recovering,0.10344,0.39814,76.51243,1.22523,0.96933,1.68744,0.00570,0.23358,0.14243,0.03021,0.86456,0.00000,49.91999
4.50744,Recovering,0.10100,0.41414,75.25890,1.25240,0.99334,1.56572,0.00601,0.25332,0.14548,0.02796,0.88441,0.00000,55.04032
4.52744,Recovering,0.09852,0.43034,73.98232,1.27654,1.01419,1.47824,0.00628,0.27379,0.14793,0.02614,0.90638,0.00000,59.66082
4.54744,Recovering,0.09602,0.44652,72.68541,1.29783,1.03313,1.44022,0.00650,0.29494,0.15156,0.03971,0.92988,0.00000,63.81082
4.56744,Recovering,0.09351,0.46277,71.36946,1.31639,1.05120,1.43770,0.00667,0.31671,0.15428,0.04258,0.95709,0.00000,67.79389
4.58744,Recovering,0.09098,0.47910,70.03531,1.33411,1.06848,1.44203,0.00678,0.33905,0.15637,0.03310,0.97590,0.00000,70.14795
4.60744,Recovering,0.08844,0.49548,68.68382,1.35159,1.08514,1.45099,0.00685,0.36189,0.15834,0.02580,0.97590,0.00000,70.14795
4.62744,Recovering,0.08589,0.51186,67.31552,1.36714,1.10150,1.46776,0.00688,0.38517,0.16041,0.02295,0.97590,0.00000,70.14795
4.64744,Recovering,0.08334,0.52822,65.93047,1.38364,1.11787,1.49296,0.00686,0.40882,0.16255,0.02183,1.07664,0.00000,81.55753
4.66744,Recovering,0.08078,0.54455,64.52849,1.40107,1.13454,1.52744,0.00680,0.43278,0.16475,0.02105,1.10544,0.00000,79.88717
4.68744,Recovering,0.07822,0.56082,63.10901,1.41938,1.15167,1.56725,0.00670,0.45698,0.16702,0.01746,1.13804,0.00000,79.83975
4.70744,Recovering,0.07567,0.57703,61.67139,1.43692,1.16941,1.61195,0.00657,0.48135,0.16926,0.01701,1.16622,0.00000,80.71566
4.72744,Recovering,0.07312,0.59317,60.21478,1.45586,1.18789,1.66226,0.00640,0.50581,0.17166,0.01629,1.19783,0.00000,82.32168
4.74744,Recovering,0.07056,0.60923,58.73819,1.47668,1.20727,1.71913,0.00621,0.53031,0.17419,0.01558,1.22661,0.00000,84.02073
4.76744,Recovering,0.06802,0.62519,57.24050,1.49773,1.22765,1.78103,0.00597,0.55475,0.17686,0.01501,1.25782,0.00000,85.93219
4.78744,Recovering,0.06548,0.64105,55.72039,1.51952,1.24915,1.84834,0.00573,0.57908,0.17967,0.01457,1.28905,0.00000,87.95585
4.80744,Recovering,0.06295,0.65678,54.17649,1.54253,1.27185,1.92118,0.00547,0.60323,0.18263,0.01424,1.31879,0.00000,89.70815
4.82744,Recovering,0.06043,0.67238,52.60737,1.56769,1.29583,2.00011,0.00519,0.62712,0.18575,0.01398,1.35092,0.00000,91.67490
4.84744,Recovering,0.05792,0.68783,51.01144,1.59492,1.32119,2.08586,0.00490,0.65069,0.18907,0.01352,1.36132,0.00000,92.29263
4.86744,Recovering,0.05542,0.70312,49.38704,1.62458,1.34803,2.17676,0.00460,0.67387,0.19256,0.01303,1.36132,0.00000,92.29263
4.88744,Recovering,0.05294,0.71821,47.73243,1.65512,1.37643,2.27521,0.00429,0.69659,0.19627,0.01255,1.45378,0.00000,102.51200
4.90744,Recovering,0.05048,0.73310,46.04570,1.68698,1.40648,2.38080,0.00399,0.71879,0.20019,0.01203,1.48412,0.00000,99.81531
4.92744,Recovering,0.04804,0.74775,44.32490,1.72097,1.43828,2.49384,0.00369,0.74041,0.20436,0.01143,1.51721,0.00000,99.26314
4.94744,Recovering,0.04563,0.76214,42.56803,1.75697,1.47186,2.61357,0.00340,0.76140,0.20876,0.01078,1.55002,0.00000,100.26540
4.96744,Recovering,0.04325,0.77623,40.77318,1.79488,1.50715,2.73250,0.00312,0.78169,0.21336,0.01010,1.57081,0.00000,101.38270
4.98744,Recovering,0.04091,0.78998,38.93881,1.83371,1.54385,2.85043,0.00286,0.80123,0.21813,0.00930,1.60816,0.00000,104.56050
5.00744,Recovering,0.03861,0.80334,37.06377,1.87424,1.58160,2.96015,0.00262,0.81999,0.22298,0.00857,1.63840,0.00000,106.84830
5.02744,Recovering,0.03636,0.81625,35.14757,1.91554,1.61987,3.05769,0.00239,0.83790,0.22790,0.00805,1.66997,0.00000,109.57460
5.04744,Recovering,0.03418,0.82865,33.19034,1.95678,1.65805,3.13871,0.00220,0.85494,0.23274,0.00789,1.70294,0.00000,112.64620
5.06744,Recovering,0.03206,0.84048,31.19319,1.99716,1.69540,3.20204,0.00203,0.87106,0.23744,0.00819,1.73170,0.00000,115.34730
5.08744,Recovering,0.03002,0.85163,29.15816,2.03521,1.72288,2.85169,0.00189,0.88624,0.25111,0.01945,1.75884,0.00000,118.04910
5.10744,Recovering,0.02761,0.86211,27.02757,2.13065,1.75054,2.34706,0.00176,0.90045,0.25740,0.00554,1.75884,0.00000,118.04910
5.12744,Recovering,0.02558,0.87177,24.84746,2.17968,1.76999,1.91747,0.00163,0.91367,0.26383,0.01188,1.82571,0.00000,132.90440
5.14744,Recovering,0.02405,0.88036,22.64978,2.19757,1.75826,2.15396,0.00180,0.92588,0.27435,0.00651,1.85432,0.00000,129.40230
5.16744,Recovering,0.02270,0.88795,20.42946,2.22025,1.71736,3.14586,0.00217,0.93708,0.28254,0.02328,1.88108,0.00000,128.50640
5.18744,Recovering,0.02119,0.89473,18.17745,2.25210,1.65677,3.84484,0.00208,0.94727,0.28352,0.02411,1.90599,0.00000,128.76430
5.20744,Recovering,0.01979,0.90027,15.92969,2.24723,1.58146,4.34315,0.00173,0.95644,0.29085,0.02740,1.93209,0.00000,129.48160
5.22744,Recovering,0.01857,0.90461,13.71216,2.21672,1.48975,5.06440,0.00135,0.96462,0.29890,0.02721,1.95713,0.00000,130.58600
5.24744,Recovering,0.01754,0.90765,11.54809,2.16346,1.38523,5.65512,0.00107,0.97181,0.30095,0.10255,1.98115,0.00000,130.25340
5.26744,Recovering,0.01685,0.90965,9.47679,2.07142,1.27633,5.77526,0.00096,0.97806,0.30155,0.18169,2.00353,0.00000,129.49910
5.28744,Recovering,0.01674,0.91098,7.55357,1.92370,1.17119,5.45332,0.00107,0.98338,0.29544,0.25739,2.02334,0.00000,128.04800
5.30744,Recovering,0.01722,0.91188,5.80958,1.74401,1.06967,5.19146,0.00141,0.98783,0.28396,0.32062,2.04162,0.00000,125.82420
5.32744,Recovering,0.01819,0.91252,4.26062,1.54860,0.97213,4.94423,0.00191,0.99146,0.26759,0.36596,2.05713,0.00000,122.98060
5.34744,Recovering,0.01951,0.91302,2.91101,1.34927,0.87900,4.69228,0.00251,0.99432,0.24742,0.39208,2.06631,0.00000,120.86710
5.36744,Recovering,0.02107,0.91347,1.75758,1.15418,0.79063,4.42897,0.00285,0.99648,0.22483,0.40079,2.06631,0.00000,120.86710
5.38744,Recovering,0.02278,0.91397,0.79402,0.96833,0.70792,4.13737,0.00307,0.99803,0.19980,0.39457,2.09901,0.00000,114.71360
5.40744,Recovering,0.02452,0.91454,0.12033,0.79426,0.63176,3.80861,0.00329,0.99905,0.17377,0.37503,2.11091,0.00000,103.03970
5.42744,Recovering,0.02621,0.91516,0.65968,0.63550,0.56232,3.47227,0.00350,0.99965,0.14778,0.34492,2.11970,0.00000,94.58491
5.44744,Recovering,0.02779,0.91582,1.15403,0.49732,0.49945,3.14366,0.00366,0.99992,0.12258,0.30740,2.12722,0.00000,86.79160
5.46744,Recovering,0.02922,0.91653,1.52995,0.37742,0.44286,2.82910,0.00372,1.00000,0.09877,0.26544,2.13311,0.00000,80.00066
5.48744,Recovering,0.03050,0.91725,1.80244,0.27124,0.39221,2.53304,0.00369,1.00000,0.07678,0.22170,2.13943,0.00000,71.97613
5.50744,Recovering,0.03163,0.91799,1.98663,0.18131,0.34703,2.25909,0.00355,1.00000,0.05687,0.17841,2.14419,0.00000,64.77964
5.52744,Recovering,0.03260,0.91873,2.09621,0.00000,0.30688,2.00734,0.00335,1.00000,0.03916,0.13720,2.14805,0.00000,58.16053
5.54744,Recovering,0.03344,0.91946,2.14366,0.00000,0.27130,1.77901,0.00312,1.00000,0.02377,0.09906,2.15158,0.00000,51.38425
5.56744,Recovering,0.03416,0.92019,2.13982,0.00000,0.23977,1.57670,0.00280,1.00000,0.01084,0.06486,2.15435,0.00000,45.39026
5.58744,Recovering,0.03476,0.92089,2.09443,0.00000,0.21195,1.39085,0.00245,1.00000,0.00391,0.03485,2.15690,0.00000,39.30737
5.60744,Recovering,0.03528,0.92157,2.01596,0.00000,0.18750,1.22257,0.00208,1.00000,0.01101,0.00931,2.15719,0.00000,38.55637
5.62744,Recovering,0.03570,0.92222,1.91172,0.00000,0.16608,1.07136,0.00172,1.00000,0.01822,0.01328,2.16089,0.00000,33.70802
5.64744,Recovering,0.03606,0.92283,1.78816,0.00000,0.14736,0.93635,0.00137,1.00000,0.02399,0.03106,2.16241,0.00000,24.24455
5.66744,Recovering,0.03635,0.92340,1.65114,0.00000,0.13105,0.81604,0.00104,1.00000,0.02832,0.04539,2.16361,0.00000,20.32956
5.68744,Recovering,0.03660,0.92394,1.50545,0.00000,0.11685,0.71050,0.00074,1.00000,0.03137,0.05641,2.16477,0.00000,16.38749
5.70744,Recovering,0.03681,0.92444,1.35523,0.00000,0.10448,0.61857,0.00048,1.00000,0.03331,0.06447,2.16561,0.00000,13.48289
5.72744,Recovering,0.03700,0.92492,1.20431,0.00000,0.09371,0.53860,0.00024,1.00000,0.03427,0.06990,2.16650,0.00000,10.34953
5.74744,Recovering,0.03716,0.92536,1.05536,0.00000,0.08433,0.46951,0.00005,1.00000,0.03440,0.07304,2.16711,0.00000,8.17910
5.76744,Recovering,0.03731,0.92577,0.91129,0.00000,0.07612,0.41018,0.00014,1.00000,0.03385,0.07422,2.16774,0.00000,5.93017
5.78744,Recovering,0.03745,0.92616,0.77380,0.00000,0.06893,0.35951,0.00026,1.00000,0.03272,0.07373,2.16820,0.00000,4.33886
5.80744,Recovering,0.03758,0.92651,0.64437,0.00000,0.06261,0.31601,0.00036,1.00000,0.03114,0.07185,2.16860,0.00000,2.97944
5.82744,Recovering,0.03770,0.92684,0.52451,0.00000,0.05703,0.27911,0.00043,1.00000,0.02922,0.06887,2.16895,0.00000,1.84730
5.84744,Recovering,0.03781,0.92714,0.41449,0.00000,0.05207,0.24807,0.00048,1.00000,0.02704,0.06503,2.16917,0.00000,1.19964
5.86744,Recovering,0.03793,0.92742,0.31528,0.00000,0.04763,0.22192,0.00050,1.00000,0.02469,0.06052,2.16917,0.00000,1.19964
5.88744,Recovering,0.03803,0.92767,0.22642,0.00000,0.04364,0.19983,0.00051,1.00000,0.02223,0.05555,2.16970,0.00000,0.76113
5.90744,Recovering,0.03814,0.92790,0.14804,0.00000,0.04002,0.18107,0.00050,1.00000,0.01973,0.05028,2.16985,0.00000,0.94612
5.92744,Recovering,0.03824,0.92811,0.08156,0.00000,0.03672,0.16505,0.00048,1.00000,0.01726,0.04485,2.16999,0.00000,1.10118
5.94744,Recovering,0.03833,0.92829,0.01978,0.00000,0.03370,0.15124,0.00046,1.00000,0.01485,0.03939,2.17010,0.00000,1.18511
5.96744,Recovering,0.03842,0.92845,0.01978,0.00000,0.03091,0.13921,0.00042,1.00000,0.01253,0.03402,2.17017,0.00000,1.21394
5.98744,Recovering,0.03850,0.92860,0.06256,0.00000,0.02834,0.12862,0.00039,1.00000,0.01034,0.02883,2.17026,0.00000,1.18070
6.00744,Recovering,0.03858,0.92872,0.09279,0.00000,0.02596,0.11919,0.00035,1.00000,0.00831,0.02388,2.17034,0.00000,1.08984
6.02744,Balanced,0.03865,0.92883,0.11535,0.00000,0.02375,0.11066,0.00031,1.00000,0.00645,0.01924,2.17039,0.00000,0.96227
6.04744,Balanced,0.03873,0.92889,0.00000,0.29074,0.02195,0.09182,0.00033,1.00000,0.00418,0.02079,2.17045,0.00000,0.55421
6.06744,Balanced,0.03491,0.92492,0.00000,0.00000,0.19131,9.82949,0.00025,1.00000,0.02898,0.00794,2.17019,0.00000,1.41019
6.08744,Balanced,0.02718,0.91718,0.00000,0.00000,0.38672,9.77685,0.00021,1.00000,0.00733,0.03691,2.16847,0.00000,6.15386
6.10744,Balanced,0.01698,0.90685,0.00000,0.00000,0.50981,6.15613,0.00058,1.00000,0.00812,0.03296,2.16452,0.00000,12.51852
6.12744,Balanced,0.01494,0.90365,0.00000,0.00000,0.10196,20.39243,0.00311,1.00000,0.04030,0.02438,2.16060,0.00000,9.98827
6.14744,Balanced,0.01454,0.90374,0.00000,0.00000,0.02040,4.07839,0.00370,1.00000,0.01253,0.02609,2.15719,0.00000,8.31972
6.16744,Balanced,0.01446,0.90394,0.00000,0.00000,0.00408,0.81587,0.00109,1.00000,0.00717,0.02433,2.15431,0.00000,6.68424
6.18744,Balanced,0.01444,0.90397,0.00000,0.00000,0.00082,0.16308,0.00108,1.00000,0.00240,0.02195,2.15222,0.00000,5.24325
6.20744,Balanced,0.01444,0.90397,0.00000,0.00000,0.00016,0.03290,0.00115,1.00000,0.00266,0.01926,2.15045,0.00000,3.88215
6.22744,Balanced,0.01443,0.90396,0.00000,0.00000,0.00004,0.00620,0.00113,1.00000,0.00254,0.01706,2.14919,0.00000,2.80699
6.24744,Balanced,0.01443,0.90396,0.00000,0.00000,0.00002,0.00143,0.00111,1.00000,0.00240,0.01516,2.14823,0.00000,1.91104
6.26744,Balanced,0.01443,0.90397,0.00000,0.00000,0.00002,0.00032,0.00110,1.00000,0.00229,0.01347,2.14771,0.00000,1.38332
6.28744,Balanced,0.01443,0.90397,0.00000,0.00000,0.00002,0.00032,0.00110,1.00000,0.00220,0.01199,2.14727,0.00000,0.91556
6.30744,Balanced,0.01443,0.90397,0.00000,0.00000,0.00002,0.00032,0.00110,1.00000,0.00212,0.01068,2.14701,0.00000,0.62821
6.32744,Balanced,0.01443,0.90397,0.00000,0.00000,0.00002,0.00032,0.00110,1.00000,0.00205,0.00953,2.14682,0.00000,0.41790
6.34744,Balanced,0.01443,0.90397,0.00000,0.00000,0.00002,0.00032,0.00110,1.00000,0.00198,0.00853,2.14671,0.00000,0.29013
6.36744,Balanced,0.01443,0.90397,0.00000,0.00000,0.00002,0.00032,0.00110,1.00000,0.00194,0.00766,2.14665,0.00000,0.19800
6.38744,Balanced,0.01443,0.90397,0.00000,0.00000,0.00002,0.00032,0.00110,1.00000,0.00189,0.00691,2.14661,0.00000,0.14342
6.40744,Balanced,0.01443,0.90397,0.00000,0.00000,0.00002,0.00032,0.00110,1.00000,0.00186,0.00628,2.14659,0.00000,0.11013
6.42744,Balanced,0.01443,0.90397,0.00000,0.00000,0.00002,0.00032,0.00110,1.00000,0.00182,0.00574,2.14658,0.00000,0.08763
6.44744,Balanced,0.01443,0.90397,0.00000,0.00000,0.00002,0.00032,0.00110,1.00000,0.00179,0.00532,2.14657,0.00000,0.06588
6.46744,Balanced,0.01443,0.90397,0.00000,0.00000,0.00002,0.00032,0.00110,1.00000,0.00177,0.00494,2.14657,0.00000,0.05190
6.48744,Balanced,0.01443,0.90397,0.00000,0.00000,0.00002,0.00032,0.00110,1.00000,0.00175,0.00465,2.14657,0.00000,0.04454
6.50744,Balanced,0.01443,0.90397,0.00000,0.00000,0.00002,0.00032,0.00110,1.00000,0.00173,0.00441,2.14657,0.00000,0.03390
6.52744,Balanced,0.01443,0.90397,0.00000,0.00000,0.00002,0.00032,0.00110,1.00000,0.00172,0.00422,2.14657,0.00000,0.02859
6.54744,Balanced,0.01443,0.90397,0.00000,0.00000,0.00002,0.00032,0.00110,1.00000,0.00171,0.00405,2.14657,0.00000,0.02336
6.56744,Balanced,0.01443,0.90397,0.00000,0.00000,0.00002,0.00032,0.00110,1.00000,0.00170,0.00394,2.14658,0.00000,0.01886
6.58744,Balanced,0.01443,0.90397,0.00000,0.00000,0.00002,0.00032,0.00110,1.00000,0.00168,0.00382,2.14658,0.00000,0.01519
6.60744,Balanced,0.01443,0.90397,0.00000,0.00000,0.00002,0.00032,0.00110,1.00000,0.00168,0.00375,2.14658,0.00000,0.01446
6.62744,Balanced,0.01443,0.90397,0.00000,0.00000,0.00002,0.00032,0.00110,1.00000,0.00167,0.00368,2.14658,0.00000,0.01015
6.64744,Balanced,0.01443,0.90397,0.00000,0.00000,0.00002,0.00032,0.00110,1.00000,0.00167,0.00363,2.14658,0.00000,0.00756
6.66744,Balanced,0.01443,0.90397,0.00000,0.00000,0.00002,0.00032,0.00110,1.00000,0.00166,0.00357,2.14658,0.00000,0.01086
6.68744,Balanced,0.01443,0.90397,0.00000,0.00000,0.00002,0.00032,0.00110,1.00000,0.00166,0.00355,2.14658,0.00000,0.00475
6.70744,Balanced,0.01443,0.90397,0.00000,0.00000,0.00002,0.00032,0.00110,1.00000,0.00165,0.00351,2.14659,0.00000,0.00535
6.72744,Balanced,0.01443,0.90397,0.00000,0.00000,0.00002,0.00032,0.00110,1.00000,0.00165,0.00350,2.14659,0.00000,0.00499
6.74744,Balanced,0.01443,0.90397,0.00000,0.00000,0.00002,0.00032,0.00110,1.00000,0.00165,0.00347,2.14659,0.00000,0.00501
6.76744,Balanced,0.01443,0.90397,0.00000,0.00000,0.00002,0.00032,0.00110,1.00000,0.00165,0.00346,2.14659,0.00000,0.00532
6.78744,Balanced,0.01443,0.90397,0.00000,0.00000,0.00002,0.00032,0.00110,1.00000,0.00164,0.00344,2.14659,0.00000,0.00531
6.80744,Balanced,0.01443,0.90397,0.00000,0.00000,0.00002,0.00032,0.00110,1.00000,0.00164,0.00343,2.14659,0.00000,0.00000
6.82744,Balanced,0.01443,0.90397,0.00000,0.00000,0.00002,0.00032,0.00110,1.00000,0.00164,0.00341,2.14659,0.00000,0.00000
6.84744,Balanced,0.01443,0.90397,0.00000,0.00000,0.00002,0.00032,0.00110,1.00000,0.00164,0.00341,2.14659,0.00000,0.00000
6.86744,Balanced,0.01443,0.90397,0.00000,0.00000,0.00002,0.00032,0.00110,1.00000,0.00164,0.00340,2.14659,0.00000,0.00000
6.88744,Balanced,0.01443,0.90397,0.00000,0.00000,0.00002,0.00032,0.00110,1.00000,0.00164,0.00341,2.14659,0.00000,0.00137
6.90744,Balanced,0.01443,0.90397,0.00000,0.00000,0.00002,0.00032,0.00110,1.00000,0.00164,0.00339,2.14659,0.00000,0.00000
6.92744,Balanced,0.01443,0.90397,0.00000,0.00000,0.00002,0.00032,0.00110,1.00000,0.00164,0.00339,2.14659,0.00000,0.00000
6.94744,Balanced,0.01443,0.90397,0.00000,0.00000,0.00002,0.00032,0.00110,1.00000,0.00164,0.00338,2.14659,0.00000,0.00000
6.96744,Balanced,0.01443,0.90397,0.00000,0.00000,0.00002,0.00032,0.00110,1.00000,0.00164,0.00338,2.14659,0.00000,0.00116
6.98744,Balanced,0.01443,0.90397,0.00000,0.00000,0.00002,0.00032,0.00110,1.00000,0.00163,0.00337,2.14659,0.00000,0.00000
7.00744,Balanced,0.01443,0.90397,0.00000,0.00000,0.00002,0.00032,0.00110,1.00000,0.00164,0.00338,2.14659,0.00000,0.00123
7.02744,Balanced,0.01443,0.90397,0.00000,0.00000,0.00002,0.00032,0.00110,1.00000,0.00163,0.00338,2.14659,0.00000,0.00000
7.04744,Balanced,0.01443,0.90397,0.00000,0.00000,0.00002,0.00032,0.00110,1.00000,0.00163,0.00338,2.14659,0.00000,0.00123
7.06744,Balanced,0.01443,0.90397,0.00000,0.00000,0.00002,0.00032,0.00110,1.00000,0.00163,0.00336,2.14659,0.00000,0.00000
7.08744,Balanced,0.01443,0.90397,0.00000,0.00000,0.00002,0.00032,0.00110,1.00000,0.00164,0.00337,2.14659,0.00000,0.00000
7.10744,Balanced,0.01443,0.90397,0.00000,0.00000,0.00002,0.00032,0.00110,1.00000,0.00163,0.00337,2.14659,0.00000,0.00128
7.12744,Balanced,0.01443,0.90397,0.00000,0.00000,0.00002,0.00032,0.00110,1.00000,0.00164,0.00337,2.14659,0.00000,0.00000
7.14744,Balanced,0.01443,0.90397,0.00000,0.00000,0.00002,0.00032,0.00110,1.00000,0.00163,0.00336,2.14659,0.00000,0.00000
7.16744,Balanced,0.01443,0.90397,0.00000,0.00000,0.00002,0.00032,0.00110,1.00000,0.00164,0.00337,2.14659,0.00000,0.00000
7.18744,Balanced,0.01443,0.90397,0.00000,0.00000,0.00002,0.00032,0.00110,1.00000,0.00163,0.00336,2.14659,0.00000,0.00000
7.20744,Balanced,0.01443,0.90397,0.00000,0.00000,0.00002,0.00032,0.00110,1.00000,0.00163,0.00337,2.14659,0.00000,0.00116
7.22744,Balanced,0.01443,0.90397,0.00000,0.00000,0.00002,0.00032,0.00110,1.00000,0.00163,0.00336,2.14659,0.00000,0.00000
7.24744,Balanced,0.01443,0.90397,0.00000,0.00000,0.00002,0.00032,0.00110,1.00000,0.00164,0.00337,2.14659,0.00000,0.00121
7.26744,Balanced,0.01443,0.90397,0.00000,0.00000,0.00002,0.00032,0.00110,1.00000,0.00163,0.00336,2.14659,0.00000,0.00000
7.28744,Balanced,0.01443,0.90397,0.00000,0.00000,0.00002,0.00032,0.00110,1.00000,0.00164,0.00337,2.14659,0.00000,0.00102
7.30744,Balanced,0.01443,0.90397,0.00000,0.00000,0.00002,0.00032,0.00110,1.00000,0.00163,0.00336,2.14659,0.00000,0.00000
7.32744,Balanced,0.01443,0.90397,0.00000,0.00000,0.00002,0.00032,0.00110,1.00000,0.00163,0.00337,2.14659,0.00000,0.00000
7.34744,Balanced,0.01443,0.90397,0.00000,0.00000,0.00002,0.00032,0.00110,1.00000,0.00163,0.00336,2.14659,0.00000,0.00000
7.36744,Balanced,0.01443,0.90397,0.00000,0.00000,0.00002,0.00032,0.00110,1.00000,0.00163,0.00337,2.14659,0.00000,0.00000
7.38744,Balanced,0.01443,0.90397,0.00000,0.00000,0.00002,0.00032,0.00110,1.00000,0.00163,0.00336,2.14659,0.00000,0.00131
7.40744,Balanced,0.01443,0.90397,0.00000,0.00000,0.00002,0.00032,0.00110,1.00000,0.00163,0.00338,2.14659,0.00000,0.00000
7.42744,Balanced,0.01443,0.90397,0.00000,0.00000,0.00002,0.00032,0.00110,1.00000,0.00163,0.00336,2.14659,0.00000,0.00000
7.44744,Balanced,0.01443,0.90397,0.00000,0.00000,0.00002,0.00032,0.00110,1.00000,0.00163,0.00337,2.14659,0.00000,0.00000
7.46744,Balanced,0.01443,0.90397,0.00000,0.00000,0.00002,0.00032,0.00110,1.00000,0.00163,0.00336,2.14659,0.00000,0.00000
7.48744,Balanced,0.01443,0.90397,0.00000,0.00000,0.00002,0.00032,0.00110,1.00000,0.00163,0.00337,2.14659,0.00000,0.00602
7.50744,Balanced,0.01443,0.90397,0.00000,0.00000,0.00002,0.00032,0.00110,1.00000,0.00163,0.00335,2.14659,0.00000,0.00139
7.52744,Balanced,0.01443,0.90397,0.00000,0.00000,0.00002,0.00032,0.00110,1.00000,0.00163,0.00338,2.14659,0.00000,0.00000
7.54744,Balanced,0.01443,0.90397,0.00000,0.00000,0.00002,0.00032,0.00110,1.00000,0.00163,0.00335,2.14659,0.00000,0.00113
7.56744,Balanced,0.01443,0.90397,0.00000,0.00000,0.00002,0.00032,0.00110,1.00000,0.00163,0.00337,2.14659,0.00000,0.00000
7.58744,Balanced,0.01443,0.90397,0.00000,0.00000,0.00002,0.00032,0.00110,1.00000,0.00163,0.00336,2.14659,0.00000,0.00137
7.60744,Balanced,0.01443,0.90397,0.00000,0.00000,0.00002,0.00032,0.00110,1.00000,0.00163,0.00338,2.14659,0.00000,0.00000
7.62744,Balanced,0.01443,0.90397,0.00000,0.00000,0.00002,0.00032,0.00110,1.00000,0.00163,0.00336,2.14659,0.00000,0.00000
7.64744,Balanced,0.01443,0.90397,0.00000,0.00000,0.00002,0.00032,0.00110,1.00000,0.00164,0.00337,2.14659,0.00000,0.00000
7.66744,Balanced,0.01443,0.90397,0.00000,0.00000,0.00002,0.00032,0.00110,1.00000,0.00163,0.00336,2.14659,0.00000,0.00000
7.68744,Balanced,0.01443,0.90397,0.00000,0.00000,0.00002,0.00032,0.00110,1.00000,0.00163,0.00337,2.14659,0.00000,0.00000
7.70744,Balanced,0.01443,0.90397,0.00000,0.00000,0.00002,0.00032,0.00110,1.00000,0.00163,0.00336,2.14659,0.00000,0.00135
7.72744,Balanced,0.01443,0.90397,0.00000,0.00000,0.00002,0.00032,0.00110,1.00000,0.00164,0.00337,2.14659,0.00000,0.00000
7.74744,Balanced,0.01443,0.90397,0.00000,0.00000,0.00002,0.00032,0.00110,1.00000,0.00163,0.00336,2.14659,0.00000,0.00554
7.76744,Balanced,0.01443,0.90397,0.00000,0.00000,0.00002,0.00032,0.00110,1.00000,0.00164,0.00337,2.14659,0.00000,0.00000
7.78744,Balanced,0.01443,0.90397,0.00000,0.00000,0.00002,0.00032,0.00110,1.00000,0.00163,0.00337,2.14659,0.00000,0.00000
7.80744,Balanced,0.01443,0.90397,0.00000,0.00000,0.00002,0.00032,0.00110,1.00000,0.00163,0.00336,2.14659,0.00000,0.00000
7.82744,Balanced,0.01443,0.90397,0.00000,0.00000,0.00002,0.00032,0.00110,1.00000,0.00163,0.00337,2.14659,0.00000,0.00126
7.84744,Balanced,0.01443,0.90397,0.00000,0.00000,0.00002,0.00032,0.00110,1.00000,0.00163,0.00337,2.14659,0.00000,0.00000
7.86744,Balanced,0.01443,0.90397,0.00000,0.00000,0.00002,0.00032,0.00110,1.00000,0.00163,0.00337,2.14659,0.00000,0.00000
7.88744,Balanced,0.01443,0.90397,0.00000,0.00000,0.00002,0.00032,0.00110,1.00000,0.00163,0.00336,2.14659,0.00000,0.00000
7.90744,Balanced,0.01443,0.90397,0.00000,0.00000,0.00002,0.00032,0.00110,1.00000,0.00163,0.00337,2.14659,0.00000,0.00120
7.92744,Balanced,0.01443,0.90397,0.00000,0.00000,0.00002,0.00032,0.00110,1.00000,0.00163,0.00337,2.14659,0.00000,0.00000
7.94744,Balanced,0.01443,0.90397,0.00000,0.00000,0.00002,0.00032,0.00110,1.00000,0.00163,0.00337,2.14659,0.00000,0.00134
7.96744,Balanced,0.01443,0.90397,0.00000,0.00000,0.00002,0.00032,0.00110,1.00000,0.00163,0.00336,2.14659,0.00000,0.00000
7.98744,Balanced,0.01443,0.90397,0.00000,0.00000,0.00002,0.00032,0.00110,1.00000,0.00163,0.00337,2.14659,0.00000,0.00110
8.00744,Balanced,0.01443,0.90397,0.00000,0.00000,0.00002,0.00032,0.00110,1.00000,0.00163,0.00337,2.14659,0.00000,0.00486
8.02744,Balanced,0.01443,0.90397,0.00000,0.00000,0.00002,0.00032,0.00110,1.00000,0.00163,0.00337,2.14659,0.00000,0.00000
8.04744,Balanced,0.01443,0.90397,0.00000,0.00000,0.00002,0.00032,0.00110,1.00000,0.00163,0.00337,2.14659,0.00000,0.00000
8.06744,Balanced,0.01443,0.90397,0.00000,0.00000,0.00002,0.00032,0.00110,1.00000,0.00163,0.00336,2.14659,0.00000,0.00103
8.08744,Balanced,0.01443,0.90397,0.00000,0.00000,0.00002,0.00032,0.00110,1.00000,0.00164,0.00337,2.14659,0.00000,0.00000
8.10744,Balanced,0.01443,0.90397,0.00000,0.00000,0.00002,0.00032,0.00110,1.00000,0.00163,0.00336,2.14659,0.00000,0.00000
8.12744,Balanced,0.01443,0.90397,0.00000,0.00000,0.00002,0.00032,0.00110,1.00000,0.00163,0.00337,2.14659,0.00000,0.00000
8.14744,Balanced,0.01443,0.90397,0.00000,0.00000,0.00002,0.00032,0.00110,1.00000,0.00163,0.00336,2.14659,0.00000,0.00131
8.16744,Balanced,0.01443,0.90397,0.00000,0.00000,0.00002,0.00032,0.00110,1.00000,0.00164,0.00337,2.14659,0.00000,0.00000
8.18744,Balanced,0.01443,0.90397,0.00000,0.00000,0.00002,0.00032,0.00110,1.00000,0.00163,0.00336,2.14659,0.00000,0.00000
8.20744,Balanced,0.01443,0.90397,0.00000,0.00000,0.00002,0.00032,0.00110,1.00000,0.00163,0.00337,2.14659,0.00000,0.00000
8.22744,Balanced,0.01443,0.90397,0.00000,0.00000,0.00002,0.00032,0.00110,1.00000,0.00163,0.00336,2.14659,0.00000,0.00000
8.24744,Balanced,0.01443,0.90397,0.00000,0.00000,0.00002,0.00032,0.00110,1.00000,0.00164,0.00337,2.14659,0.00000,0.00000
8.26744,Balanced,0.01443,0.90397,0.00000,0.00000,0.00002,0.00032,0.00110,1.00000,0.00163,0.00336,2.14659,0.00000,0.00000
8.28744,Balanced,0.01443,0.90397,0.00000,0.00000,0.00002,0.00032,0.00110,1.00000,0.00164,0.00337,2.14659,0.00000,0.00000
8.30744,Balanced,0.01443,0.90397,0.00000,0.00000,0.00002,0.00032,0.00110,1.00000,0.00163,0.00336,2.14659,0.00000,0.00146
8.32744,Balanced,0.01443,0.90397,0.00000,0.00000,0.00002,0.00032,0.00110,1.00000,0.00164,0.00337,2.14659,0.00000,0.00000
8.34744,Balanced,0.01443,0.90397,0.00000,0.00000,0.00002,0.00032,0.00110,1.00000,0.00163,0.00336,2.14659,0.00000,0.00000
8.36744,Balanced,0.01443,0.90397,0.00000,0.00000,0.00002,0.00032,0.00110,1.00000,0.00164,0.00337,2.14659,0.00000,0.00000
8.38744,Balanced,0.01443,0.90397,0.00000,0.00000,0.00002,0.00032,0.00110,1.00000,0.00163,0.00336,2.14659,0.00000,0.00000
8.40744,Balanced,0.01443,0.90397,0.00000,0.00000,0.00002,0.00032,0.00110,1.00000,0.00163,0.00337,2.14659,0.00000,0.00000
8.42744,Balanced,0.01443,0.90397,0.00000,0.00000,0.00002,0.00032,0.00110,1.00000,0.00163,0.00336,2.14659,0.00000,0.00000
8.44744,Balanced,0.01443,0.90397,0.00000,0.00000,0.00002,0.00032,0.00110,1.00000,0.00163,0.00337,2.14659,0.00000,0.00000
8.46744,Balanced,0.01443,0.90397,0.00000,0.00000,0.00002,0.00032,0.00110,1.00000,0.00163,0.00336,2.14659,0.00000,0.00000
8.48744,Balanced,0.01443,0.90397,0.00000,0.00000,0.00002,0.00032,0.00110,1.00000,0.00164,0.00337,2.14659,0.00000,0.00000
8.50744,Balanced,0.01443,0.90397,0.00000,0.00000,0.00002,0.00032,0.00110,1.00000,0.00163,0.00336,2.14659,0.00000,0.00000
8.52744,Balanced,0.01443,0.90397,0.00000,0.00000,0.00002,0.00032,0.00110,1.00000,0.00163,0.00337,2.14659,0.00000,0.00000
8.54744,Balanced,0.01443,0.90397,0.00000,0.00000,0.00002,0.00032,0.00110,1.00000,0.00163,0.00336,2.14659,0.00000,0.00114
8.56744,Balanced,0.01443,0.90397,0.00000,0.00000,0.00002,0.00032,0.00110,1.00000,0.00164,0.00337,2.14659,0.00000,0.00000
8.58744,Balanced,0.01443,0.90397,0.00000,0.00000,0.00002,0.00032,0.00110,1.00000,0.00163,0.00336,2.14659,0.00000,0.00000
8.60744,Balanced,0.01443,0.90397,0.00000,0.00000,0.00002,0.00032,0.00110,1.00000,0.00163,0.00337,2.14659,0.00000,0.00000
8.62744,Balanced,0.01443,0.90397,0.00000,0.00000,0.00002,0.00032,0.00110,1.00000,0.00163,0.00336,2.14659,0.00000,0.00544
8.64744,Balanced,0.01443,0.90397,0.00000,0.00000,0.00002,0.00032,0.00110,1.00000,0.00164,0.00337,2.14659,0.00000,0.00000
8.66744,Balanced,0.01443,0.90397,0.00000,0.00000,0.00002,0.00032,0.00110,1.00000,0.00163,0.00336,2.14659,0.00000,0.00125
8.68744,Balanced,0.01443,0.90397,0.00000,0.00000,0.00002,0.00032,0.00110,1.00000,0.00163,0.00337,2.14659,0.00000,0.00554
8.70744,Balanced,0.01443,0.90397,0.00000,0.00000,0.00002,0.00032,0.00110,1.00000,0.00163,0.00336,2.14659,0.00000,0.00408
8.72744,Balanced,0.01443,0.90397,0.00000,0.00000,0.00002,0.00032,0.00110,1.00000,0.00164,0.00337,2.14659,0.00000,0.00000
8.74744,Balanced,0.01443,0.90397,0.00000,0.00000,0.00002,0.00032,0.00110,1.00000,0.00163,0.00336,2.14659,0.00000,0.00124
8.76744,Balanced,0.01443,0.90397,0.00000,0.00000,0.00002,0.00032,0.00110,1.00000,0.00163,0.00337,2.14659,0.00000,0.00000
8.78744,Balanced,0.01443,0.90397,0.00000,0.00000,0.00002,0.00032,0.00110,1.00000,0.00163,0.00336,2.14659,0.00000,0.00000
8.80744,Balanced,0.01443,0.90397,0.00000,0.00000,0.00002,0.00032,0.00110,1.00000,0.00164,0.00337,2.14659,0.00000,0.00000
8.82744,Balanced,0.01443,0.90397,0.00000,0.00000,0.00002,0.00032,0.00110,1.00000,0.00163,0.00336,2.14659,0.00000,0.00098
8.84744,Balanced,0.01443,0.90397,0.00000,0.00000,0.00002,0.00032,0.00110,1.00000,0.00164,0.00337,2.14659,0.00000,0.00000
8.86744,Balanced,0.01443,0.90397,0.00000,0.00000,0.00002,0.00032,0.00110,1.00000,0.00163,0.00337,2.14659,0.00000,0.00000
8.88744,Balanced,0.01443,0.90397,0.00000,0.00000,0.00002,0.00032,0.00110,1.00000,0.00163,0.00336,2.14659,0.00000,0.00000
8.90744,Balanced,0.01443,0.90397,0.00000,0.00000,0.00002,0.00032,0.00110,1.00000,0.00163,0.00336,2.14659,0.00000,0.00449
8.92744,Balanced,0.01443,0.90397,0.00000,0.00000,0.00002,0.00032,0.00110,1.00000,0.00163,0.00337,2.14659,0.00000,0.00000
8.94744,Balanced,0.01443,0.90397,0.00000,0.00000,0.00002,0.00032,0.00110,1.00000,0.00163,0.00336,2.14659,0.00000,0.00000
8.96744,Balanced,0.01443,0.90397,0.00000,0.00000,0.00002,0.00032,0.00110,1.00000,0.00163,0.00337,2.14659,0.00000,0.00000
8.98744,Balanced,0.01443,0.90397,0.00000,0.00000,0.00002,0.00032,0.00110,1.00000,0.00163,0.00336,2.14659,0.00000,0.00000
9.00744,Balanced,0.01443,0.90397,0.00000,0.00000,0.00002,0.00032,0.00110,1.00000,0.00163,0.00337,2.14659,0.00000,0.00000
9.02744,Balanced,0.01443,0.90397,0.00000,0.00000,0.00002,0.00032,0.00110,1.00000,0.00163,0.00336,2.14659,0.00000,0.00000
9.04744,Balanced,0.01443,0.90397,0.00000,0.00000,0.00002,0.00032,0.00110,1.00000,0.00164,0.00337,2.14659,0.00000,0.00000
9.06744,Balanced,0.01443,0.90397,0.00000,0.00000,0.00002,0.00032,0.00110,1.00000,0.00163,0.00336,2.14659,0.00000,0.00108
9.08744,Balanced,0.01443,0.90397,0.00000,0.00000,0.00002,0.00032,0.00110,1.00000,0.00164,0.00337,2.14659,0.00000,0.00486
9.10744,Balanced,0.01443,0.90397,0.00000,0.00000,0.00002,0.00032,0.00110,1.00000,0.00163,0.00336,2.14659,0.00000,0.00000
9.12744,Balanced,0.01443,0.90397,0.00000,0.00000,0.00002,0.00032,0.00110,1.00000,0.00164,0.00337,2.14659,0.00000,0.00000
9.14744,Balanced,0.01443,0.90397,0.00000,0.00000,0.00002,0.00032,0.00110,1.00000,0.00163,0.00336,2.14659,0.00000,0.00000
9.16744,Balanced,0.01443,0.90397,0.00000,0.00000,0.00002,0.00032,0.00110,1.00000,0.00164,0.00337,2.14659,0.00000,0.00000
9.18744,Balanced,0.01443,0.90397,0.00000,0.00000,0.00002,0.00032,0.00110,1.00000,0.00163,0.00336,2.14659,0.00000,0.00126
9.20744,Balanced,0.01443,0.90397,0.00000,0.00000,0.00002,0.00032,0.00110,1.00000,0.00163,0.00337,2.14659,0.00000,0.00000
9.22744,Balanced,0.01443,0.90397,0.00000,0.00000,0.00002,0.00032,0.00110,1.00000,0.00163,0.00336,2.14659,0.00000,0.00135
9.24744,Balanced,0.01443,0.90397,0.00000,0.00000,0.00002,0.00032,0.00110,1.00000,0.00163,0.00337,2.14659,0.00000,0.00000
9.26744,Balanced,0.01443,0.90397,0.00000,0.00000,0.00002,0.00032,0.00110,1.00000,0.00163,0.00336,2.14659,0.00000,0.00122
9.28744,Balanced,0.01443,0.90397,0.00000,0.00000,0.00002,0.00032,0.00110,1.00000,0.00164,0.00337,2.14659,0.00000,0.00000
9.30744,Balanced,0.01443,0.90397,0.00000,0.00000,0.00002,0.00032,0.00110,1.00000,0.00163,0.00336,2.14659,0.00000,0.00000
9.32744,Balanced,0.01443,0.90397,0.00000,0.00000,0.00002,0.00032,0.00110,1.00000,0.00164,0.00337,2.14659,0.00000,0.00000
9.34744,Balanced,0.01443,0.90397,0.00000,0.00000,0.00002,0.00032,0.00110,1.00000,0.00163,0.00336,2.14659,0.00000,0.00000
9.36744,Balanced,0.01443,0.90397,0.00000,0.00000,0.00002,0.00032,0.00110,1.00000,0.00164,0.00337,2.14659,0.00000,0.00000
9.38744,Balanced,0.01443,0.90397,0.00000,0.00000,0.00002,0.00032,0.00110,1.00000,0.00163,0.00336,2.14659,0.00000,0.00000
9.40744,Balanced,0.01443,0.90397,0.00000,0.00000,0.00002,0.00032,0.00110,1.00000,0.00164,0.00337,2.14659,0.00000,0.00000
9.42744,Balanced,0.01443,0.90397,0.00000,0.00000,0.00002,0.00032,0.00110,1.00000,0.00163,0.00336,2.14659,0.00000,0.00124
9.44744,Balanced,0.01443,0.90397,0.00000,0.00000,0.00002,0.00032,0.00110,1.00000,0.00164,0.00337,2.14659,0.00000,0.00000
9.46744,Balanced,0.01443,0.90397,0.00000,0.00000,0.00002,0.00032,0.00110,1.00000,0.00163,0.00336,2.14659,0.00000,0.00000
9.48744,Balanced,0.01443,0.90397,0.00000,0.00000,0.00002,0.00032,0.00110,1.00000,0.00164,0.00337,2.14659,0.00000,0.00564
9.50744,Balanced,0.01443,0.90397,0.00000,0.00000,0.00002,0.00032,0.00110,1.00000,0.00163,0.00336,2.14659,0.00000,0.00126
9.52744,Balanced,0.01443,0.90397,0.00000,0.00000,0.00002,0.00032,0.00110,1.00000,0.00164,0.00337,2.14659,0.00000,0.00000
9.54744,Balanced,0.01443,0.90397,0.00000,0.00000,0.00002,0.00032,0.00110,1.00000,0.00163,0.00336,2.14659,0.00000,0.00000
9.56744,Balanced,0.01443,0.90397,0.00000,0.00000,0.00002,0.00032,0.00110,1.00000,0.00164,0.00337,2.14659,0.00000,0.00000
9.58744,Balanced,0.01443,0.90397,0.00000,0.00000,0.00002,0.00032,0.00110,1.00000,0.00163,0.00336,2.14659,0.00000,0.00000
9.60744,Balanced,0.01443,0.90397,0.00000,0.00000,0.00002,0.00032,0.00110,1.00000,0.00164,0.00337,2.14659,0.00000,0.00000
9.62744,Balanced,0.01443,0.90397,0.00000,0.00000,0.00002,0.00032,0.00110,1.00000,0.00163,0.00336,2.14659,0.00000,0.00000
9.64744,Balanced,0.01443,0.90397,0.00000,0.00000,0.00002,0.00032,0.00110,1.00000,0.00164,0.00337,2.14659,0.00000,0.00000
9.66744,Balanced,0.01443,0.90397,0.00000,0.00000,0.00002,0.00032,0.00110,1.00000,0.00163,0.00336,2.14659,0.00000,0.00128
9.68744,Balanced,0.01443,0.90397,0.00000,0.00000,0.00002,0.00032,0.00110,1.00000,0.00164,0.00337,2.14659,0.00000,0.00000
9.70744,Balanced,0.01443,0.90397,0.00000,0.00000,0.00002,0.00032,0.00110,1.00000,0.00163,0.00336,2.14659,0.00000,0.00115
9.72744,Balanced,0.01443,0.90397,0.00000,0.00000,0.00002,0.00032,0.00110,1.00000,0.00164,0.00337,2.14659,0.00000,0.00000
9.74744,Balanced,0.01443,0.90397,0.00000,0.00000,0.00002,0.00032,0.00110,1.00000,0.00163,0.00336,2.14659,0.00000,0.00000
9.76744,Balanced,0.01443,0.90397,0.00000,0.00000,0.00002,0.00032,0.00110,1.00000,0.00164,0.00337,2.14659,0.00000,0.00000
9.78744,Balanced,0.01443,0.90397,0.00000,0.00000,0.00002,0.00032,0.00110,1.00000,0.00163,0.00336,2.14659,0.00000,0.00000
9.80744,Balanced,0.01443,0.90397,0.00000,0.00000,0.00002,0.00032,0.00110,1.00000,0.00164,0.00337,2.14659,0.00000,0.00000
9.82744,Balanced,0.01443,0.90397,0.00000,0.00000,0.00002,0.00032,0.00110,1.00000,0.00163,0.00336,2.14659,0.00000,0.00131
9.84744,Balanced,0.01443,0.90397,0.00000,0.00000,0.00002,0.00032,0.00110,1.00000,0.00164,0.00337,2.14659,0.00000,0.00000
9.86744,Balanced,0.01443,0.90397,0.00000,0.00000,0.00002,0.00032,0.00110,1.00000,0.00163,0.00336,2.14659,0.00000,0.00000
9.88744,Balanced,0.01443,0.90397,0.00000,0.00000,0.00002,0.00032,0.00110,1.00000,0.00164,0.00337,2.14659,0.00000,0.00000
9.90744,Balanced,0.01443,0.90397,0.00000,0.00000,0.00002,0.00032,0.00110,1.00000,0.00163,0.00337,2.14659,0.00000,0.00133
9.92744,Balanced,0.01443,0.90397,0.00000,0.00000,0.00002,0.00032,0.00110,1.00000,0.00164,0.00337,2.14659,0.00000,0.00000
9.94744,Balanced,0.01443,0.90397,0.00000,0.00000,0.00002,0.00032,0.00110,1.00000,0.00163,0.00337,2.14659,0.00000,0.00000
9.96744,Balanced,0.01443,0.90397,0.00000,0.00000,0.00002,0.00032,0.00110,1.00000,0.00164,0.00337,2.14659,0.00000,0.00000
9.98744,Balanced,0.01443,0.90397,0.00000,0.00000,0.00002,0.00032,0.00110,1.00000,0.00163,0.00336,2.14659,0.00000,0.00126
10.00744,Balanced,0.01443,0.90397,0.00000,0.00000,0.00002,0.00032,0.00110,1.00000,0.00164,0.00337,2.14659,0.00000,0.00000
10.02744,Balanced,0.01443,0.90397,0.00000,0.00000,0.00002,0.00032,0.00110,1.00000,0.00163,0.00336,2.14659,0.00000,0.00000
10.04744,Balanced,0.01443,0.90397,0.00000,0.00000,0.00002,0.00032,0.00110,1.00000,0.00164,0.00337,2.14659,0.00000,0.00000
10.06744,Balanced,0.01443,0.90397,0.00000,0.00000,0.00002,0.00032,0.00110,1.00000,0.00163,0.00336,2.14659,0.00000,0.00000
10.08744,Balanced,0.01443,0.90397,0.00000,0.00000,0.00002,0.00032,0.00110,1.00000,0.00164,0.00337,2.14659,0.00000,0.00000
10.10744,Balanced,0.01443,0.90397,0.00000,0.00000,0.00002,0.00032,0.00110,1.00000,0.00163,0.00336,2.14659,0.00000,0.00000
10.12744,Balanced,0.01443,0.90397,0.00000,0.00000,0.00002,0.00032,0.00110,1.00000,0.00164,0.00337,2.14659,0.00000,0.00000
10.14744,Balanced,0.01443,0.90397,0.00000,0.00000,0.00002,0.00032,0.00110,1.00000,0.00163,0.00336,2.14659,0.00000,0.00000
10.16744,Balanced,0.01443,0.90397,0.00000,0.00000,0.00002,0.00032,0.00110,1.00000,0.00164,0.00337,2.14659,0.00000,0.00000
10.18744,Balanced,0.01443,0.90397,0.00000,0.00000,0.00002,0.00032,0.00110,1.00000,0.00163,0.00336,2.14659,0.00000,0.00000
10.20744,Balanced,0.01443,0.90397,0.00000,0.00000,0.00002,0.00032,0.00110,1.00000,0.00164,0.00337,2.14659,0.00000,0.00487
10.22744,Balanced,0.01443,0.90397,0.00000,0.00000,0.00002,0.00032,0.00110,1.00000,0.00163,0.00336,2.14659,0.00000,0.00121
10.24744,Balanced,0.01443,0.90397,0.00000,0.00000,0.00002,0.00032,0.00110,1.00000,0.00164,0.00337,2.14659,0.00000,0.00000
10.26744,Balanced,0.01443,0.90397,0.00000,0.00000,0.00002,0.00032,0.00110,1.00000,0.00163,0.00336,2.14659,0.00000,0.00132
10.28744,Balanced,0.01443,0.90397,0.00000,0.00000,0.00002,0.00032,0.00110,1.00000,0.00164,0.00337,2.14659,0.00000,0.00000
10.30744,Balanced,0.01443,0.90397,0.00000,0.00000,0.00002,0.00032,0.00110,1.00000,0.00163,0.00336,2.14659,0.00000,0.00000
10.32744,Balanced,0.01443,0.90397,0.00000,0.00000,0.00002,0.00032,0.00110,1.00000,0.00164,0.00337,2.14659,0.00000,0.00000
10.34744,Balanced,0.01443,0.90397,0.00000,0.00000,0.00002,0.00032,0.00110,1.00000,0.00163,0.00336,2.14659,0.00000,0.00000
10.36744,Balanced,0.01443,0.90397,0.00000,0.00000,0.00002,0.00032,0.00110,1.00000,0.00164,0.00337,2.14659,0.00000,0.00000
10.38744,Balanced,0.01443,0.90397,0.00000,0.00000,0.00002,0.00032,0.00110,1.00000,0.00163,0.00336,2.14659,0.00000,0.00000
10.40744,Balanced,0.01443,0.90397,0.00000,0.00000,0.00002,0.00032,0.00110,1.00000,0.00164,0.00337,2.14659,0.00000,0.00000
10.42744,Balanced,0.01443,0.90397,0.00000,0.00000,0.00002,0.00032,0.00110,1.00000,0.00163,0.00336,2.14659,0.00000,0.00132
10.44744,Balanced,0.01443,0.90397,0.00000,0.00000,0.00002,0.00032,0.00110,1.00000,0.00164,0.00337,2.14659,0.00000,0.00000
10.46744,Balanced,0.01443,0.90397,0.00000,0.00000,0.00002,0.00032,0.00110,1.00000,0.00163,0.00336,2.14659,0.00000,0.00000
10.48744,Balanced,0.01443,0.90397,0.00000,0.00000,0.00002,0.00032,0.00110,1.00000,0.00164,0.00337,2.14659,0.00000,0.00000
10.50744,Balanced,0.01443,0.90397,0.00000,0.00000,0.00002,0.00032,0.00110,1.00000,0.00163,0.00336,2.14659,0.00000,0.00000
10.52744,Balanced,0.01443,0.90397,0.00000,0.00000,0.00002,0.00032,0.00110,1.00000,0.00164,0.00337,2.14659,0.00000,0.00000
10.54744,Balanced,0.01443,0.90397,0.00000,0.00000,0.00002,0.00032,0.00110,1.00000,0.00163,0.00336,2.14659,0.00000,0.00000
10.56744,Balanced,0.01443,0.90397,0.00000,0.00000,0.00002,0.00032,0.00110,1.00000,0.00164,0.00337,2.14659,0.00000,0.00000
10.58744,Balanced,0.01443,0.90397,0.00000,0.00000,0.00002,0.00032,0.00110,1.00000,0.00163,0.00336,2.14659,0.00000,0.00129
10.60744,Balanced,0.01443,0.90397,0.00000,0.00000,0.00002,0.00032,0.00110,1.00000,0.00164,0.00337,2.14659,0.00000,0.00000
10.62744,Balanced,0.01443,0.90397,0.00000,0.00000,0.00002,0.00032,0.00110,1.00000,0.00163,0.00336,2.14659,0.00000,0.00128
10.64744,Balanced,0.01443,0.90397,0.00000,0.00000,0.00002,0.00032,0.00110,1.00000,0.00164,0.00337,2.14659,0.00000,0.00000
10.66744,Balanced,0.01443,0.90397,0.00000,0.00000,0.00002,0.00032,0.00110,1.00000,0.00163,0.00336,2.14659,0.00000,0.00000
10.68744,Balanced,0.01443,0.90397,0.00000,0.00000,0.00002,0.00032,0.00110,1.00000,0.00164,0.00337,2.14659,0.00000,0.00000
10.70744,Balanced,0.01443,0.90397,0.00000,0.00000,0.00002,0.00032,0.00110,1.00000,0.00163,0.00336,2.14659,0.00000,0.00087
10.72744,Balanced,0.01443,0.90397,0.00000,0.00000,0.00002,0.00032,0.00110,1.00000,0.00164,0.00337,2.14659,0.00000,0.00000
10.74744,Balanced,0.01443,0.90397,0.00000,0.00000,0.00002,0.00032,0.00110,1.00000,0.00163,0.00336,2.14659,0.00000,0.00113
10.76744,Balanced,0.01443,0.90397,0.00000,0.00000,0.00002,0.00032,0.00110,1.00000,0.00164,0.00337,2.14659,0.00000,0.00000
10.78744,Balanced,0.01443,0.90397,0.00000,0.00000,0.00002,0.00032,0.00110,1.00000,0.00163,0.00336,2.14659,0.00000,0.00116
10.80744,Balanced,0.01443,0.90397,0.00000,0.00000,0.00002,0.00032,0.00110,1.00000,0.00164,0.00337,2.14659,0.00000,0.00000
10.82744,Balanced,0.01443,0.90397,0.00000,0.00000,0.00002,0.00032,0.00110,1.00000,0.00163,0.00336,2.14659,0.00000,0.00000
10.84744,Balanced,0.01443,0.90397,0.00000,0.00000,0.00002,0.00032,0.00110,1.00000,0.00164,0.00337,2.14659,0.00000,0.00000
10.86744,Balanced,0.01443,0.90397,0.00000,0.00000,0.00002,0.00032,0.00110,1.00000,0.00163,0.00336,2.14659,0.00000,0.00000
10.88744,Balanced,0.01443,0.90397,0.00000,0.00000,0.00002,0.00032,0.00110,1.00000,0.00164,0.00337,2.14659,0.00000,0.00000
10.90744,Balanced,0.01443,0.90397,0.00000,0.00000,0.00002,0.00032,0.00110,1.00000,0.00163,0.00337,2.14659,0.00000,0.00000
10.92744,Balanced,0.01443,0.90397,0.00000,0.00000,0.00002,0.00032,0.00110,1.00000,0.00164,0.00337,2.14659,0.00000,0.00000
10.94744,Balanced,0.01443,0.90397,0.00000,0.00000,0.00002,0.00032,0.00110,1.00000,0.00163,0.00336,2.14659,0.00000,0.00000
10.96744,Balanced,0.01443,0.90397,0.00000,0.00000,0.00002,0.00032,0.00110,1.00000,0.00164,0.00337,2.14659,0.00000,0.00460
10.98744,Balanced,0.01443,0.90397,0.00000,0.00000,0.00002,0.00032,0.00110,1.00000,0.00163,0.00337,2.14659,0.00000,0.00000
11.00744,Balanced,0.01443,0.90397,0.00000,0.00000,0.00002,0.00032,0.00110,1.00000,0.00164,0.00337,2.14659,0.00000,0.00000
